observation_date,GDP,T10YIE,VIXCLS
2014-01-02,17197.738,2.26,14.23
2014-01-03,17197.738,2.26,13.76
2014-01-06,17197.738,2.26,13.55
2014-01-07,17197.738,2.26,12.92
2014-01-08,17197.738,2.29,12.87
2014-01-09,17197.738,2.31,12.89
2014-01-10,17197.738,2.29,12.14
2014-01-13,17197.738,2.27,13.28
2014-01-14,17197.738,2.26,12.28
2014-01-15,17197.738,2.28,12.28
2014-01-16,17197.738,2.25,12.53
2014-01-17,17197.738,2.26,12.44
2014-01-21,17197.738,2.26,12.87
2014-01-22,17197.738,2.25,12.84
2014-01-23,17197.738,2.13,13.77
2014-01-24,17197.738,2.14,18.14
2014-01-27,17197.738,2.14,17.42
2014-01-28,17197.738,2.15,15.8
2014-01-29,17197.738,2.14,17.35
2014-01-30,17197.738,2.15,17.29
2014-01-31,17197.738,2.14,18.41
2014-02-03,17197.738,2.14,21.44
2014-02-04,17197.738,2.13,19.11
2014-02-05,17197.738,2.14,19.95
2014-02-06,17197.738,2.16,17.23
2014-02-07,17197.738,2.18,15.29
2014-02-10,17197.738,2.19,15.26
2014-02-11,17197.738,2.19,14.51
2014-02-12,17197.738,2.21,14.3
2014-02-13,17197.738,2.17,14.14
2014-02-14,17197.738,2.16,13.57
2014-02-18,17197.738,2.14,13.87
2014-02-19,17197.738,2.13,15.5
2014-02-20,17197.738,2.13,14.79
2014-02-21,17197.738,2.12,14.68
2014-02-24,17197.738,2.16,14.23
2014-02-25,17197.738,2.15,13.67
2014-02-26,17197.738,2.16,14.35
2014-02-27,17197.738,2.16,14.04
2014-02-28,17197.738,2.17,14.0
2014-03-03,17197.738,2.16,16.0
2014-03-04,17197.738,2.18,14.1
2014-03-05,17197.738,2.18,13.89
2014-03-06,17197.738,2.21,14.21
2014-03-07,17197.738,2.23,14.11
2014-03-10,17197.738,2.22,14.2
2014-03-11,17197.738,2.2,14.8
2014-03-12,17197.738,2.19,14.47
2014-03-13,17197.738,2.17,16.22
2014-03-14,17197.738,2.17,17.82
2014-03-17,17197.738,2.18,15.64
2014-03-18,17197.738,2.18,14.52
2014-03-19,17197.738,2.16,15.12
2014-03-20,17197.738,2.13,14.52
2014-03-21,17197.738,2.14,15.0
2014-03-24,17197.738,2.15,15.09
2014-03-25,17197.738,2.14,14.02
2014-03-26,17197.738,2.14,14.93
2014-03-27,17197.738,2.13,14.62
2014-03-28,17197.738,2.13,14.41
2014-03-31,17197.738,2.13,13.88
2014-04-01,17518.508,2.14,13.1
2014-04-02,17518.508,2.14,13.09
2014-04-03,17518.508,2.14,13.37
2014-04-04,17518.508,2.13,13.96
2014-04-07,17518.508,2.12,15.57
2014-04-08,17518.508,2.11,14.89
2014-04-09,17518.508,2.14,13.82
2014-04-10,17518.508,2.14,15.89
2014-04-11,17518.508,2.13,17.03
2014-04-14,17518.508,2.13,16.11
2014-04-15,17518.508,2.14,15.61
2014-04-16,17518.508,2.17,14.18
2014-04-17,17518.508,2.21,13.36
2014-04-21,17518.508,2.2,13.25
2014-04-22,17518.508,2.21,13.19
2014-04-23,17518.508,2.21,13.27
2014-04-24,17518.508,2.21,13.32
2014-04-25,17518.508,2.2,14.06
2014-04-28,17518.508,2.18,13.97
2014-04-29,17518.508,2.18,13.71
2014-04-30,17518.508,2.18,13.41
2014-05-01,17518.508,2.2,13.25
2014-05-02,17518.508,2.19,12.91
2014-05-05,17518.508,2.18,13.29
2014-05-06,17518.508,2.16,13.8
2014-05-07,17518.508,2.2,13.4
2014-05-08,17518.508,2.19,13.43
2014-05-09,17518.508,2.18,12.92
2014-05-12,17518.508,2.18,12.23
2014-05-13,17518.508,2.16,12.13
2014-05-14,17518.508,2.17,12.17
2014-05-15,17518.508,2.19,13.17
2014-05-16,17518.508,2.18,12.44
2014-05-19,17518.508,2.17,12.42
2014-05-20,17518.508,2.17,12.96
2014-05-21,17518.508,2.18,11.91
2014-05-22,17518.508,2.21,12.03
2014-05-23,17518.508,2.22,11.36
2014-05-27,17518.508,2.21,11.51
2014-05-28,17518.508,2.22,11.68
2014-05-29,17518.508,2.23,11.57
2014-05-30,17518.508,2.22,11.4
2014-06-02,17518.508,2.22,11.58
2014-06-03,17518.508,2.19,11.87
2014-06-04,17518.508,2.17,12.08
2014-06-05,17518.508,2.18,11.68
2014-06-06,17518.508,2.2,10.73
2014-06-09,17518.508,2.21,11.15
2014-06-10,17518.508,2.21,10.99
2014-06-11,17518.508,2.22,11.6
2014-06-12,17518.508,2.19,12.56
2014-06-13,17518.508,2.19,12.18
2014-06-16,17518.508,2.2,12.65
2014-06-17,17518.508,2.23,12.06
2014-06-18,17518.508,2.23,10.61
2014-06-19,17518.508,2.25,10.62
2014-06-20,17518.508,2.28,10.85
2014-06-23,17518.508,2.28,10.98
2014-06-24,17518.508,2.28,12.13
2014-06-25,17518.508,2.28,11.59
2014-06-26,17518.508,2.27,11.63
2014-06-27,17518.508,2.27,11.26
2014-06-30,17518.508,2.26,11.57
2014-07-01,17804.228,2.26,11.15
2014-07-02,17804.228,2.26,10.82
2014-07-03,17804.228,2.28,10.32
2014-07-07,17804.228,2.27,11.33
2014-07-08,17804.228,2.27,11.98
2014-07-09,17804.228,2.29,11.65
2014-07-10,17804.228,2.28,12.59
2014-07-11,17804.228,2.28,12.08
2014-07-14,17804.228,2.27,11.82
2014-07-15,17804.228,2.25,11.96
2014-07-16,17804.228,2.23,11.0
2014-07-17,17804.228,2.23,14.54
2014-07-18,17804.228,2.24,12.06
2014-07-21,17804.228,2.24,12.81
2014-07-22,17804.228,2.23,12.24
2014-07-23,17804.228,2.23,11.52
2014-07-24,17804.228,2.27,11.84
2014-07-25,17804.228,2.28,12.69
2014-07-28,17804.228,2.28,12.56
2014-07-29,17804.228,2.27,13.28
2014-07-30,17804.228,2.28,13.33
2014-07-31,17804.228,2.29,16.95
2014-08-01,17804.228,2.27,17.03
2014-08-04,17804.228,2.25,15.12
2014-08-05,17804.228,2.24,16.87
2014-08-06,17804.228,2.25,16.37
2014-08-07,17804.228,2.24,16.66
2014-08-08,17804.228,2.25,15.77
2014-08-11,17804.228,2.25,14.23
2014-08-12,17804.228,2.24,14.13
2014-08-13,17804.228,2.23,12.9
2014-08-14,17804.228,2.21,12.42
2014-08-15,17804.228,2.18,13.15
2014-08-18,17804.228,2.18,12.32
2014-08-19,17804.228,2.17,12.21
2014-08-20,17804.228,2.17,11.78
2014-08-21,17804.228,2.17,11.76
2014-08-22,17804.228,2.14,11.47
2014-08-25,17804.228,2.15,11.7
2014-08-26,17804.228,2.14,11.63
2014-08-27,17804.228,2.14,11.78
2014-08-28,17804.228,2.13,12.05
2014-08-29,17804.228,2.12,11.98
2014-09-02,17804.228,2.15,12.25
2014-09-03,17804.228,2.17,12.36
2014-09-04,17804.228,2.17,12.64
2014-09-05,17804.228,2.15,12.09
2014-09-08,17804.228,2.13,12.66
2014-09-09,17804.228,2.11,13.5
2014-09-10,17804.228,2.1,12.88
2014-09-11,17804.228,2.12,12.8
2014-09-12,17804.228,2.13,13.31
2014-09-15,17804.228,2.13,14.12
2014-09-16,17804.228,2.12,12.73
2014-09-17,17804.228,2.06,12.65
2014-09-18,17804.228,2.02,12.03
2014-09-19,17804.228,2.03,12.11
2014-09-22,17804.228,1.99,13.69
2014-09-23,17804.228,2.02,14.93
2014-09-24,17804.228,2.03,13.27
2014-09-25,17804.228,2.02,15.64
2014-09-26,17804.228,1.97,14.85
2014-09-29,17804.228,1.95,15.98
2014-09-30,17804.228,1.97,16.31
2014-10-01,17912.079,1.96,16.71
2014-10-02,17912.079,1.95,16.16
2014-10-03,17912.079,1.93,14.55
2014-10-06,17912.079,1.93,15.46
2014-10-07,17912.079,1.92,17.2
2014-10-08,17912.079,1.96,15.11
2014-10-09,17912.079,1.97,18.76
2014-10-10,17912.079,1.96,21.24
2014-10-13,17912.079,,24.64
2014-10-14,17912.079,1.92,22.79
2014-10-15,17912.079,1.86,26.25
2014-10-16,17912.079,1.89,25.2
2014-10-17,17912.079,1.92,21.99
2014-10-20,17912.079,1.91,18.57
2014-10-21,17912.079,1.9,16.08
2014-10-22,17912.079,1.91,17.87
2014-10-23,17912.079,1.91,16.53
2014-10-24,17912.079,1.9,16.11
2014-10-27,17912.079,1.89,16.04
2014-10-28,17912.079,1.91,14.39
2014-10-29,17912.079,1.92,15.15
2014-10-30,17912.079,1.9,14.52
2014-10-31,17912.079,1.92,14.03
2014-11-03,17912.079,1.93,14.73
2014-11-04,17912.079,1.92,14.89
2014-11-05,17912.079,1.93,14.17
2014-11-06,17912.079,1.94,13.67
2014-11-07,17912.079,1.94,13.12
2014-11-10,17912.079,1.94,12.67
2014-11-11,17912.079,,12.92
2014-11-12,17912.079,1.91,13.02
2014-11-13,17912.079,1.88,13.79
2014-11-14,17912.079,1.89,13.31
2014-11-17,17912.079,1.86,13.99
2014-11-18,17912.079,1.84,13.86
2014-11-19,17912.079,1.83,13.96
2014-11-20,17912.079,1.85,13.58
2014-11-21,17912.079,1.86,12.9
2014-11-24,17912.079,1.86,12.62
2014-11-25,17912.079,1.85,12.25
2014-11-26,17912.079,1.82,12.07
2014-11-28,17912.079,1.79,13.33
2014-12-01,17912.079,1.79,14.29
2014-12-02,17912.079,1.77,12.85
2014-12-03,17912.079,1.79,12.47
2014-12-04,17912.079,1.77,12.38
2014-12-05,17912.079,1.75,11.82
2014-12-08,17912.079,1.71,14.21
2014-12-09,17912.079,1.73,14.89
2014-12-10,17912.079,1.71,18.53
2014-12-11,17912.079,1.7,20.08
2014-12-12,17912.079,1.64,21.08
2014-12-15,17912.079,1.62,20.42
2014-12-16,17912.079,1.65,23.57
2014-12-17,17912.079,1.65,19.44
2014-12-18,17912.079,1.65,16.81
2014-12-19,17912.079,1.68,16.49
2014-12-22,17912.079,1.7,15.25
2014-12-23,17912.079,1.7,14.8
2014-12-24,17912.079,1.68,14.37
2014-12-26,17912.079,1.67,14.5
2014-12-29,17912.079,1.65,15.06
2014-12-30,17912.079,1.64,15.92
2014-12-31,17912.079,1.68,19.2
2015-01-02,18063.529,1.71,17.79
2015-01-05,18063.529,1.64,19.92
2015-01-06,18063.529,1.56,21.12
2015-01-07,18063.529,1.57,19.31
2015-01-08,18063.529,1.62,17.01
2015-01-09,18063.529,1.62,17.55
2015-01-12,18063.529,1.57,19.6
2015-01-13,18063.529,1.54,20.56
2015-01-14,18063.529,1.57,21.48
2015-01-15,18063.529,1.58,22.39
2015-01-16,18063.529,1.6,20.95
2015-01-20,18063.529,1.59,19.89
2015-01-21,18063.529,1.61,18.85
2015-01-22,18063.529,1.61,16.4
2015-01-23,18063.529,1.6,16.66
2015-01-26,18063.529,1.61,15.52
2015-01-27,18063.529,1.66,17.22
2015-01-28,18063.529,1.61,20.44
2015-01-29,18063.529,1.62,18.76
2015-01-30,18063.529,1.65,20.97
2015-02-02,18063.529,1.65,19.43
2015-02-03,18063.529,1.7,17.33
2015-02-04,18063.529,1.71,18.33
2015-02-05,18063.529,1.7,16.85
2015-02-06,18063.529,1.71,17.29
2015-02-09,18063.529,1.71,18.55
2015-02-10,18063.529,1.7,17.23
2015-02-11,18063.529,1.68,16.96
2015-02-12,18063.529,1.66,15.34
2015-02-13,18063.529,1.68,14.69
2015-02-17,18063.529,1.71,15.8
2015-02-18,18063.529,1.71,15.45
2015-02-19,18063.529,1.74,15.29
2015-02-20,18063.529,1.75,14.3
2015-02-23,18063.529,1.72,14.56
2015-02-24,18063.529,1.72,13.69
2015-02-25,18063.529,1.72,13.84
2015-02-26,18063.529,1.79,13.91
2015-02-27,18063.529,1.83,13.34
2015-03-02,18063.529,1.83,13.04
2015-03-03,18063.529,1.86,13.86
2015-03-04,18063.529,1.87,14.23
2015-03-05,18063.529,1.84,14.04
2015-03-06,18063.529,1.83,15.2
2015-03-09,18063.529,1.76,15.06
2015-03-10,18063.529,1.73,16.69
2015-03-11,18063.529,1.72,16.87
2015-03-12,18063.529,1.71,15.42
2015-03-13,18063.529,1.69,16.0
2015-03-16,18063.529,1.65,15.61
2015-03-17,18063.529,1.64,15.66
2015-03-18,18063.529,1.7,13.97
2015-03-19,18063.529,1.79,14.07
2015-03-20,18063.529,1.76,13.02
2015-03-23,18063.529,1.75,13.41
2015-03-24,18063.529,1.77,13.62
2015-03-25,18063.529,1.81,15.44
2015-03-26,18063.529,1.8,15.8
2015-03-27,18063.529,1.76,15.07
2015-03-30,18063.529,1.73,14.51
2015-03-31,18063.529,1.76,15.29
2015-04-01,18279.784,1.8,15.11
2015-04-02,18279.784,1.81,14.67
2015-04-03,18279.784,1.83,
2015-04-06,18279.784,1.85,14.74
2015-04-07,18279.784,1.85,14.78
2015-04-08,18279.784,1.84,13.98
2015-04-09,18279.784,1.84,13.09
2015-04-10,18279.784,1.82,12.58
2015-04-13,18279.784,1.8,13.94
2015-04-14,18279.784,1.8,13.67
2015-04-15,18279.784,1.84,12.84
2015-04-16,18279.784,1.85,12.6
2015-04-17,18279.784,1.89,13.89
2015-04-20,18279.784,1.89,13.3
2015-04-21,18279.784,1.86,13.25
2015-04-22,18279.784,1.87,12.71
2015-04-23,18279.784,1.89,12.48
2015-04-24,18279.784,1.89,12.29
2015-04-27,18279.784,1.91,13.12
2015-04-28,18279.784,1.89,12.41
2015-04-29,18279.784,1.92,13.39
2015-04-30,18279.784,1.94,14.55
2015-05-01,18279.784,1.94,12.7
2015-05-04,18279.784,1.92,12.85
2015-05-05,18279.784,1.94,14.31
2015-05-06,18279.784,1.91,15.15
2015-05-07,18279.784,1.88,15.13
2015-05-08,18279.784,1.88,12.86
2015-05-11,18279.784,1.88,13.85
2015-05-12,18279.784,1.88,13.86
2015-05-13,18279.784,1.86,13.76
2015-05-14,18279.784,1.87,12.74
2015-05-15,18279.784,1.83,12.38
2015-05-18,18279.784,1.86,12.73
2015-05-19,18279.784,1.85,12.85
2015-05-20,18279.784,1.88,12.88
2015-05-21,18279.784,1.84,12.11
2015-05-22,18279.784,1.87,12.13
2015-05-26,18279.784,1.82,14.06
2015-05-27,18279.784,1.8,13.27
2015-05-28,18279.784,1.8,13.31
2015-05-29,18279.784,1.8,13.84
2015-06-01,18279.784,1.8,13.97
2015-06-02,18279.784,1.83,14.24
2015-06-03,18279.784,1.83,13.66
2015-06-04,18279.784,1.81,14.71
2015-06-05,18279.784,1.86,14.21
2015-06-08,18279.784,1.85,15.29
2015-06-09,18279.784,1.86,14.47
2015-06-10,18279.784,1.87,13.22
2015-06-11,18279.784,1.83,12.85
2015-06-12,18279.784,1.84,13.78
2015-06-15,18279.784,1.85,15.39
2015-06-16,18279.784,1.88,14.81
2015-06-17,18279.784,1.9,14.5
2015-06-18,18279.784,1.89,13.19
2015-06-19,18279.784,1.86,13.96
2015-06-22,18279.784,1.9,12.74
2015-06-23,18279.784,1.92,12.11
2015-06-24,18279.784,1.9,13.26
2015-06-25,18279.784,1.91,14.01
2015-06-26,18279.784,1.92,14.02
2015-06-29,18279.784,1.87,18.85
2015-06-30,18279.784,1.87,18.23
2015-07-01,18401.626,1.89,16.09
2015-07-02,18401.626,1.91,16.79
2015-07-06,18401.626,1.87,17.01
2015-07-07,18401.626,1.87,16.09
2015-07-08,18401.626,1.83,19.66
2015-07-09,18401.626,1.85,19.97
2015-07-10,18401.626,1.87,16.83
2015-07-13,18401.626,1.86,13.9
2015-07-14,18401.626,1.85,13.37
2015-07-15,18401.626,1.84,13.23
2015-07-16,18401.626,1.84,12.11
2015-07-17,18401.626,1.83,11.95
2015-07-20,18401.626,1.82,12.25
2015-07-21,18401.626,1.82,12.22
2015-07-22,18401.626,1.8,12.12
2015-07-23,18401.626,1.79,12.64
2015-07-24,18401.626,1.76,13.74
2015-07-27,18401.626,1.73,15.6
2015-07-28,18401.626,1.75,13.44
2015-07-29,18401.626,1.77,12.5
2015-07-30,18401.626,1.77,12.13
2015-07-31,18401.626,1.74,12.12
2015-08-03,18401.626,1.7,12.56
2015-08-04,18401.626,1.71,13.0
2015-08-05,18401.626,1.7,12.51
2015-08-06,18401.626,1.67,13.77
2015-08-07,18401.626,1.66,13.39
2015-08-10,18401.626,1.69,12.23
2015-08-11,18401.626,1.66,13.71
2015-08-12,18401.626,1.62,13.61
2015-08-13,18401.626,1.62,13.49
2015-08-14,18401.626,1.62,12.83
2015-08-17,18401.626,1.58,13.02
2015-08-18,18401.626,1.58,13.79
2015-08-19,18401.626,1.57,15.25
2015-08-20,18401.626,1.56,19.14
2015-08-21,18401.626,1.53,28.03
2015-08-24,18401.626,1.49,40.74
2015-08-25,18401.626,1.53,36.02
2015-08-26,18401.626,1.53,30.32
2015-08-27,18401.626,1.58,26.1
2015-08-28,18401.626,1.61,26.05
2015-08-31,18401.626,1.63,28.43
2015-09-01,18401.626,1.57,31.4
2015-09-02,18401.626,1.56,26.09
2015-09-03,18401.626,1.54,25.61
2015-09-04,18401.626,1.51,27.8
2015-09-08,18401.626,1.53,24.9
2015-09-09,18401.626,1.56,26.23
2015-09-10,18401.626,1.59,24.37
2015-09-11,18401.626,1.59,23.2
2015-09-14,18401.626,1.56,24.25
2015-09-15,18401.626,1.56,22.54
2015-09-16,18401.626,1.57,21.35
2015-09-17,18401.626,1.58,21.14
2015-09-18,18401.626,1.55,22.28
2015-09-21,18401.626,1.54,20.14
2015-09-22,18401.626,1.51,22.44
2015-09-23,18401.626,1.52,22.13
2015-09-24,18401.626,1.49,23.47
2015-09-25,18401.626,1.46,23.62
2015-09-28,18401.626,1.39,27.63
2015-09-29,18401.626,1.39,26.83
2015-09-30,18401.626,1.41,24.5
2015-10-01,18435.137,1.46,22.55
2015-10-02,18435.137,1.48,20.94
2015-10-05,18435.137,1.51,19.54
2015-10-06,18435.137,1.52,19.4
2015-10-07,18435.137,1.55,18.4
2015-10-08,18435.137,1.58,17.42
2015-10-09,18435.137,1.54,17.08
2015-10-12,18435.137,,16.17
2015-10-13,18435.137,1.52,17.67
2015-10-14,18435.137,1.49,18.03
2015-10-15,18435.137,1.5,16.05
2015-10-16,18435.137,1.48,15.05
2015-10-19,18435.137,1.45,14.98
2015-10-20,18435.137,1.48,15.75
2015-10-21,18435.137,1.45,16.7
2015-10-22,18435.137,1.47,14.45
2015-10-23,18435.137,1.51,14.46
2015-10-26,18435.137,1.48,15.29
2015-10-27,18435.137,1.48,15.43
2015-10-28,18435.137,1.47,14.33
2015-10-29,18435.137,1.52,14.61
2015-10-30,18435.137,1.53,15.07
2015-11-02,18435.137,1.55,14.15
2015-11-03,18435.137,1.58,14.54
2015-11-04,18435.137,1.57,15.51
2015-11-05,18435.137,1.55,15.05
2015-11-06,18435.137,1.59,14.33
2015-11-09,18435.137,1.6,16.52
2015-11-10,18435.137,1.55,15.29
2015-11-11,18435.137,,16.06
2015-11-12,18435.137,1.54,18.37
2015-11-13,18435.137,1.52,20.08
2015-11-16,18435.137,1.51,18.16
2015-11-17,18435.137,1.53,18.84
2015-11-18,18435.137,1.56,16.85
2015-11-19,18435.137,1.56,16.99
2015-11-20,18435.137,1.6,15.47
2015-11-23,18435.137,1.61,15.62
2015-11-24,18435.137,1.62,15.93
2015-11-25,18435.137,1.61,15.19
2015-11-27,18435.137,1.6,15.12
2015-11-30,18435.137,1.59,16.13
2015-12-01,18435.137,1.57,14.67
2015-12-02,18435.137,1.56,15.91
2015-12-03,18435.137,1.61,18.11
2015-12-04,18435.137,1.6,14.81
2015-12-07,18435.137,1.56,15.84
2015-12-08,18435.137,1.56,17.6
2015-12-09,18435.137,1.53,19.61
2015-12-10,18435.137,1.51,19.34
2015-12-11,18435.137,1.46,24.39
2015-12-14,18435.137,1.45,22.73
2015-12-15,18435.137,1.48,20.95
2015-12-16,18435.137,1.46,17.86
2015-12-17,18435.137,1.47,18.94
2015-12-18,18435.137,1.46,20.7
2015-12-21,18435.137,1.45,18.7
2015-12-22,18435.137,1.46,16.6
2015-12-23,18435.137,1.51,15.57
2015-12-24,18435.137,1.52,15.74
2015-12-28,18435.137,1.5,16.91
2015-12-29,18435.137,1.53,16.08
2015-12-30,18435.137,1.54,17.29
2015-12-31,18435.137,1.54,18.21
2016-01-04,18525.933,1.55,20.7
2016-01-05,18525.933,1.56,19.34
2016-01-06,18525.933,1.53,20.59
2016-01-07,18525.933,1.5,24.99
2016-01-08,18525.933,1.48,27.01
2016-01-11,18525.933,1.45,24.3
2016-01-12,18525.933,1.43,22.47
2016-01-13,18525.933,1.43,25.22
2016-01-14,18525.933,1.43,23.95
2016-01-15,18525.933,1.36,27.02
2016-01-19,18525.933,1.38,26.05
2016-01-20,18525.933,1.32,27.59
2016-01-21,18525.933,1.28,26.69
2016-01-22,18525.933,1.35,22.34
2016-01-25,18525.933,1.34,24.15
2016-01-26,18525.933,1.36,22.5
2016-01-27,18525.933,1.4,23.11
2016-01-28,18525.933,1.42,22.42
2016-01-29,18525.933,1.41,20.2
2016-02-01,18525.933,1.4,19.98
2016-02-02,18525.933,1.36,21.98
2016-02-03,18525.933,1.38,21.65
2016-02-04,18525.933,1.36,21.84
2016-02-05,18525.933,1.33,23.38
2016-02-08,18525.933,1.23,26.0
2016-02-09,18525.933,1.21,26.54
2016-02-10,18525.933,1.21,26.29
2016-02-11,18525.933,1.18,28.14
2016-02-12,18525.933,1.25,25.4
2016-02-16,18525.933,1.25,24.11
2016-02-17,18525.933,1.28,22.31
2016-02-18,18525.933,1.24,21.64
2016-02-19,18525.933,1.26,20.53
2016-02-22,18525.933,1.31,19.38
2016-02-23,18525.933,1.32,20.98
2016-02-24,18525.933,1.36,20.72
2016-02-25,18525.933,1.39,19.11
2016-02-26,18525.933,1.41,19.81
2016-02-29,18525.933,1.42,20.55
2016-03-01,18525.933,1.48,17.7
2016-03-02,18525.933,1.51,17.09
2016-03-03,18525.933,1.53,16.7
2016-03-04,18525.933,1.51,16.86
2016-03-07,18525.933,1.48,17.35
2016-03-08,18525.933,1.46,18.67
2016-03-09,18525.933,1.51,18.34
2016-03-10,18525.933,1.48,18.05
2016-03-11,18525.933,1.54,16.5
2016-03-14,18525.933,1.52,16.92
2016-03-15,18525.933,1.5,16.84
2016-03-16,18525.933,1.58,14.99
2016-03-17,18525.933,1.57,14.44
2016-03-18,18525.933,1.61,14.02
2016-03-21,18525.933,1.64,13.79
2016-03-22,18525.933,1.63,14.17
2016-03-23,18525.933,1.58,14.94
2016-03-24,18525.933,1.57,14.74
2016-03-28,18525.933,1.56,15.24
2016-03-29,18525.933,1.61,13.82
2016-03-30,18525.933,1.65,13.56
2016-03-31,18525.933,1.62,13.95
2016-04-01,18711.702,1.62,13.1
2016-04-04,18711.702,1.64,14.12
2016-04-05,18711.702,1.59,15.42
2016-04-06,18711.702,1.59,14.09
2016-04-07,18711.702,1.58,16.16
2016-04-08,18711.702,1.58,15.36
2016-04-11,18711.702,1.56,16.26
2016-04-12,18711.702,1.57,14.85
2016-04-13,18711.702,1.56,13.84
2016-04-14,18711.702,1.56,13.72
2016-04-15,18711.702,1.56,13.62
2016-04-18,18711.702,1.57,13.35
2016-04-19,18711.702,1.6,13.24
2016-04-20,18711.702,1.62,13.28
2016-04-21,18711.702,1.64,13.95
2016-04-22,18711.702,1.64,13.22
2016-04-25,18711.702,1.65,14.08
2016-04-26,18711.702,1.67,13.96
2016-04-27,18711.702,1.68,13.77
2016-04-28,18711.702,1.72,15.22
2016-04-29,18711.702,1.71,15.7
2016-05-02,18711.702,1.68,14.68
2016-05-03,18711.702,1.64,15.6
2016-05-04,18711.702,1.63,16.05
2016-05-05,18711.702,1.63,15.91
2016-05-06,18711.702,1.61,14.72
2016-05-09,18711.702,1.59,14.57
2016-05-10,18711.702,1.62,13.63
2016-05-11,18711.702,1.59,14.69
2016-05-12,18711.702,1.6,14.41
2016-05-13,18711.702,1.58,15.04
2016-05-16,18711.702,1.6,14.68
2016-05-17,18711.702,1.61,15.57
2016-05-18,18711.702,1.61,15.95
2016-05-19,18711.702,1.56,16.33
2016-05-20,18711.702,1.56,15.2
2016-05-23,18711.702,1.54,15.82
2016-05-24,18711.702,1.55,14.42
2016-05-25,18711.702,1.58,13.9
2016-05-26,18711.702,1.58,13.43
2016-05-27,18711.702,1.58,13.12
2016-05-31,18711.702,1.54,14.19
2016-06-01,18711.702,1.54,14.2
2016-06-02,18711.702,1.54,13.63
2016-06-03,18711.702,1.52,13.47
2016-06-06,18711.702,1.54,13.65
2016-06-07,18711.702,1.57,14.05
2016-06-08,18711.702,1.59,14.08
2016-06-09,18711.702,1.56,14.64
2016-06-10,18711.702,1.52,17.03
2016-06-13,18711.702,1.47,20.97
2016-06-14,18711.702,1.45,20.5
2016-06-15,18711.702,1.47,20.14
2016-06-16,18711.702,1.42,19.37
2016-06-17,18711.702,1.42,19.41
2016-06-20,18711.702,1.43,18.37
2016-06-21,18711.702,1.43,18.48
2016-06-22,18711.702,1.44,21.17
2016-06-23,18711.702,1.5,17.25
2016-06-24,18711.702,1.42,25.76
2016-06-27,18711.702,1.34,23.85
2016-06-28,18711.702,1.37,18.75
2016-06-29,18711.702,1.4,16.64
2016-06-30,18711.702,1.4,15.63
2016-07-01,18892.639,1.43,14.77
2016-07-05,18892.639,1.4,15.58
2016-07-06,18892.639,1.43,14.96
2016-07-07,18892.639,1.43,14.76
2016-07-08,18892.639,1.43,13.2
2016-07-11,18892.639,1.42,13.54
2016-07-12,18892.639,1.46,13.55
2016-07-13,18892.639,1.45,13.04
2016-07-14,18892.639,1.45,12.82
2016-07-15,18892.639,1.49,12.67
2016-07-18,18892.639,1.49,12.44
2016-07-19,18892.639,1.44,11.97
2016-07-20,18892.639,1.46,11.77
2016-07-21,18892.639,1.52,12.74
2016-07-22,18892.639,1.51,12.02
2016-07-25,18892.639,1.5,12.87
2016-07-26,18892.639,1.5,13.05
2016-07-27,18892.639,1.49,12.83
2016-07-28,18892.639,1.52,12.72
2016-07-29,18892.639,1.49,11.87
2016-08-01,18892.639,1.46,12.44
2016-08-02,18892.639,1.44,13.37
2016-08-03,18892.639,1.46,12.86
2016-08-04,18892.639,1.47,12.42
2016-08-05,18892.639,1.5,11.39
2016-08-08,18892.639,1.51,11.5
2016-08-09,18892.639,1.49,11.66
2016-08-10,18892.639,1.44,12.05
2016-08-11,18892.639,1.47,11.68
2016-08-12,18892.639,1.44,11.55
2016-08-15,18892.639,1.45,11.81
2016-08-16,18892.639,1.44,12.64
2016-08-17,18892.639,1.47,12.19
2016-08-18,18892.639,1.47,11.43
2016-08-19,18892.639,1.48,11.34
2016-08-22,18892.639,1.47,12.27
2016-08-23,18892.639,1.48,12.38
2016-08-24,18892.639,1.48,13.45
2016-08-25,18892.639,1.49,13.63
2016-08-26,18892.639,1.47,13.65
2016-08-29,18892.639,1.46,12.94
2016-08-30,18892.639,1.46,13.12
2016-08-31,18892.639,1.47,13.42
2016-09-01,18892.639,1.45,13.48
2016-09-02,18892.639,1.47,11.98
2016-09-06,18892.639,1.49,12.02
2016-09-07,18892.639,1.51,11.94
2016-09-08,18892.639,1.52,12.51
2016-09-09,18892.639,1.5,17.5
2016-09-12,18892.639,1.51,15.16
2016-09-13,18892.639,1.49,17.85
2016-09-14,18892.639,1.49,18.14
2016-09-15,18892.639,1.49,16.3
2016-09-16,18892.639,1.51,15.37
2016-09-19,18892.639,1.5,15.53
2016-09-20,18892.639,1.49,15.92
2016-09-21,18892.639,1.51,13.3
2016-09-22,18892.639,1.55,12.02
2016-09-23,18892.639,1.57,12.29
2016-09-26,18892.639,1.54,14.5
2016-09-27,18892.639,1.52,13.1
2016-09-28,18892.639,1.56,12.39
2016-09-29,18892.639,1.54,14.02
2016-09-30,18892.639,1.6,13.29
2016-10-03,19089.379,1.63,13.57
2016-10-04,19089.379,1.62,13.63
2016-10-05,19089.379,1.62,12.99
2016-10-06,19089.379,1.64,12.84
2016-10-07,19089.379,1.63,13.48
2016-10-10,19089.379,,13.38
2016-10-11,19089.379,1.64,15.36
2016-10-12,19089.379,1.64,15.91
2016-10-13,19089.379,1.63,16.69
2016-10-14,19089.379,1.67,16.12
2016-10-17,19089.379,1.68,16.21
2016-10-18,19089.379,1.66,15.28
2016-10-19,19089.379,1.68,14.41
2016-10-20,19089.379,1.68,13.75
2016-10-21,19089.379,1.67,13.34
2016-10-24,19089.379,1.66,13.02
2016-10-25,19089.379,1.7,13.46
2016-10-26,19089.379,1.71,14.24
2016-10-27,19089.379,1.72,15.36
2016-10-28,19089.379,1.73,16.19
2016-10-31,19089.379,1.73,17.06
2016-11-01,19089.379,1.72,18.56
2016-11-02,19089.379,1.7,19.32
2016-11-03,19089.379,1.68,22.08
2016-11-04,19089.379,1.68,22.51
2016-11-07,19089.379,1.71,18.71
2016-11-08,19089.379,1.73,18.74
2016-11-09,19089.379,1.82,14.38
2016-11-10,19089.379,1.88,14.74
2016-11-11,19089.379,,14.17
2016-11-14,19089.379,1.83,14.48
2016-11-15,19089.379,1.82,13.37
2016-11-16,19089.379,1.83,13.72
2016-11-17,19089.379,1.87,13.35
2016-11-18,19089.379,1.9,12.85
2016-11-21,19089.379,1.91,12.42
2016-11-22,19089.379,1.9,12.41
2016-11-23,19089.379,1.92,12.43
2016-11-25,19089.379,1.89,12.34
2016-11-28,19089.379,1.85,13.15
2016-11-29,19089.379,1.86,12.9
2016-11-30,19089.379,1.94,13.33
2016-12-01,19089.379,1.97,14.07
2016-12-02,19089.379,1.91,14.12
2016-12-05,19089.379,1.94,12.14
2016-12-06,19089.379,1.95,11.79
2016-12-07,19089.379,1.92,12.22
2016-12-08,19089.379,1.95,12.64
2016-12-09,19089.379,1.96,11.75
2016-12-12,19089.379,1.98,12.64
2016-12-13,19089.379,1.95,12.72
2016-12-14,19089.379,1.94,13.19
2016-12-15,19089.379,1.9,12.79
2016-12-16,19089.379,1.86,12.2
2016-12-19,19089.379,1.86,11.71
2016-12-20,19089.379,1.9,11.45
2016-12-21,19089.379,1.91,11.27
2016-12-22,19089.379,1.95,11.43
2016-12-23,19089.379,1.97,11.44
2016-12-27,19089.379,1.99,11.99
2016-12-28,19089.379,1.95,12.95
2016-12-29,19089.379,1.94,13.37
2016-12-30,19089.379,1.95,14.04
2017-01-03,19280.084,1.98,12.85
2017-01-04,19280.084,1.99,11.85
2017-01-05,19280.084,1.95,11.67
2017-01-06,19280.084,1.96,11.32
2017-01-09,19280.084,1.95,11.56
2017-01-10,19280.084,1.95,11.49
2017-01-11,19280.084,1.99,11.26
2017-01-12,19280.084,1.98,11.54
2017-01-13,19280.084,1.99,11.23
2017-01-17,19280.084,1.97,11.87
2017-01-18,19280.084,2.0,12.48
2017-01-19,19280.084,2.04,12.78
2017-01-20,19280.084,2.04,11.54
2017-01-23,19280.084,2.02,11.77
2017-01-24,19280.084,2.06,11.07
2017-01-25,19280.084,2.08,10.81
2017-01-26,19280.084,2.08,10.63
2017-01-27,19280.084,2.08,10.58
2017-01-30,19280.084,2.07,11.88
2017-01-31,19280.084,2.05,11.99
2017-02-01,19280.084,2.05,11.81
2017-02-02,19280.084,2.05,11.93
2017-02-03,19280.084,2.05,10.97
2017-02-06,19280.084,2.02,11.37
2017-02-07,19280.084,2.0,11.29
2017-02-08,19280.084,1.96,11.45
2017-02-09,19280.084,1.99,10.88
2017-02-10,19280.084,2.01,10.85
2017-02-13,19280.084,2.0,11.07
2017-02-14,19280.084,2.01,10.74
2017-02-15,19280.084,2.06,11.97
2017-02-16,19280.084,2.02,11.76
2017-02-17,19280.084,2.01,11.49
2017-02-21,19280.084,2.03,11.57
2017-02-22,19280.084,2.04,11.74
2017-02-23,19280.084,2.03,11.71
2017-02-24,19280.084,2.0,11.47
2017-02-27,19280.084,2.01,12.09
2017-02-28,19280.084,2.02,12.92
2017-03-01,19280.084,2.03,12.54
2017-03-02,19280.084,2.01,11.81
2017-03-03,19280.084,2.04,10.96
2017-03-06,19280.084,2.01,11.24
2017-03-07,19280.084,2.03,11.45
2017-03-08,19280.084,2.01,11.86
2017-03-09,19280.084,2.0,12.3
2017-03-10,19280.084,2.01,11.66
2017-03-13,19280.084,2.01,11.35
2017-03-14,19280.084,1.99,12.3
2017-03-15,19280.084,2.01,11.63
2017-03-16,19280.084,2.02,11.21
2017-03-17,19280.084,2.01,11.28
2017-03-20,19280.084,2.0,11.34
2017-03-21,19280.084,1.98,12.47
2017-03-22,19280.084,1.97,12.81
2017-03-23,19280.084,1.95,13.12
2017-03-24,19280.084,1.98,12.96
2017-03-27,19280.084,1.97,12.5
2017-03-28,19280.084,1.97,11.53
2017-03-29,19280.084,1.98,11.42
2017-03-30,19280.084,1.96,11.54
2017-03-31,19280.084,1.97,12.37
2017-04-03,19438.643,1.96,12.38
2017-04-04,19438.643,1.96,11.79
2017-04-05,19438.643,1.97,12.89
2017-04-06,19438.643,1.95,12.39
2017-04-07,19438.643,1.94,12.87
2017-04-10,19438.643,1.93,14.05
2017-04-11,19438.643,1.91,15.07
2017-04-12,19438.643,1.9,15.77
2017-04-13,19438.643,1.92,15.96
2017-04-17,19438.643,1.88,14.66
2017-04-18,19438.643,1.85,14.42
2017-04-19,19438.643,1.85,14.93
2017-04-20,19438.643,1.85,14.15
2017-04-21,19438.643,1.84,14.63
2017-04-24,19438.643,1.87,10.84
2017-04-25,19438.643,1.91,10.76
2017-04-26,19438.643,1.9,10.85
2017-04-27,19438.643,1.91,10.36
2017-04-28,19438.643,1.92,10.82
2017-05-01,19438.643,1.92,10.11
2017-05-02,19438.643,1.88,10.59
2017-05-03,19438.643,1.87,10.68
2017-05-04,19438.643,1.86,10.46
2017-05-05,19438.643,1.86,10.57
2017-05-08,19438.643,1.86,9.77
2017-05-09,19438.643,1.86,9.96
2017-05-10,19438.643,1.85,10.21
2017-05-11,19438.643,1.88,10.6
2017-05-12,19438.643,1.84,10.4
2017-05-15,19438.643,1.82,10.42
2017-05-16,19438.643,1.82,10.65
2017-05-17,19438.643,1.78,15.59
2017-05-18,19438.643,1.8,14.66
2017-05-19,19438.643,1.82,12.04
2017-05-22,19438.643,1.82,10.93
2017-05-23,19438.643,1.83,10.72
2017-05-24,19438.643,1.81,10.02
2017-05-25,19438.643,1.8,9.99
2017-05-26,19438.643,1.81,9.81
2017-05-30,19438.643,1.81,10.38
2017-05-31,19438.643,1.81,10.41
2017-06-01,19438.643,1.81,9.89
2017-06-02,19438.643,1.79,9.75
2017-06-05,19438.643,1.79,10.07
2017-06-06,19438.643,1.77,10.45
2017-06-07,19438.643,1.78,10.39
2017-06-08,19438.643,1.78,10.16
2017-06-09,19438.643,1.78,10.7
2017-06-12,19438.643,1.75,11.46
2017-06-13,19438.643,1.75,10.42
2017-06-14,19438.643,1.71,10.64
2017-06-15,19438.643,1.67,10.9
2017-06-16,19438.643,1.67,10.38
2017-06-19,19438.643,1.67,10.37
2017-06-20,19438.643,1.66,10.86
2017-06-21,19438.643,1.66,10.75
2017-06-22,19438.643,1.69,10.48
2017-06-23,19438.643,1.7,10.02
2017-06-26,19438.643,1.71,9.9
2017-06-27,19438.643,1.71,11.06
2017-06-28,19438.643,1.73,10.03
2017-06-29,19438.643,1.72,11.44
2017-06-30,19438.643,1.73,11.18
2017-07-03,19692.595,1.75,11.22
2017-07-05,19692.595,1.75,11.07
2017-07-06,19692.595,1.76,12.54
2017-07-07,19692.595,1.73,11.19
2017-07-10,19692.595,1.72,11.11
2017-07-11,19692.595,1.75,10.89
2017-07-12,19692.595,1.76,10.3
2017-07-13,19692.595,1.77,9.9
2017-07-14,19692.595,1.76,9.51
2017-07-17,19692.595,1.77,9.82
2017-07-18,19692.595,1.76,9.89
2017-07-19,19692.595,1.76,9.79
2017-07-20,19692.595,1.77,9.58
2017-07-21,19692.595,1.76,9.36
2017-07-24,19692.595,1.78,9.43
2017-07-25,19692.595,1.81,9.43
2017-07-26,19692.595,1.8,9.6
2017-07-27,19692.595,1.83,10.11
2017-07-28,19692.595,1.83,10.29
2017-07-31,19692.595,1.82,10.26
2017-08-01,19692.595,1.79,10.09
2017-08-02,19692.595,1.79,10.28
2017-08-03,19692.595,1.78,10.44
2017-08-04,19692.595,1.8,10.03
2017-08-07,19692.595,1.8,9.93
2017-08-08,19692.595,1.83,10.96
2017-08-09,19692.595,1.82,11.11
2017-08-10,19692.595,1.8,16.04
2017-08-11,19692.595,1.79,15.51
2017-08-14,19692.595,1.77,12.33
2017-08-15,19692.595,1.78,12.04
2017-08-16,19692.595,1.78,11.74
2017-08-17,19692.595,1.77,15.55
2017-08-18,19692.595,1.76,14.26
2017-08-21,19692.595,1.75,13.19
2017-08-22,19692.595,1.77,11.35
2017-08-23,19692.595,1.75,12.25
2017-08-24,19692.595,1.75,12.23
2017-08-25,19692.595,1.75,11.28
2017-08-28,19692.595,1.75,11.32
2017-08-29,19692.595,1.74,11.7
2017-08-30,19692.595,1.76,11.22
2017-08-31,19692.595,1.76,10.59
2017-09-01,19692.595,1.79,10.13
2017-09-05,19692.595,1.77,12.23
2017-09-06,19692.595,1.78,11.63
2017-09-07,19692.595,1.79,11.55
2017-09-08,19692.595,1.81,12.12
2017-09-11,19692.595,1.83,10.73
2017-09-12,19692.595,1.84,10.58
2017-09-13,19692.595,1.85,10.5
2017-09-14,19692.595,1.85,10.44
2017-09-15,19692.595,1.85,10.17
2017-09-18,19692.595,1.87,10.15
2017-09-19,19692.595,1.87,10.18
2017-09-20,19692.595,1.85,9.78
2017-09-21,19692.595,1.83,9.67
2017-09-22,19692.595,1.84,9.59
2017-09-25,19692.595,1.84,10.21
2017-09-26,19692.595,1.84,10.17
2017-09-27,19692.595,1.87,9.87
2017-09-28,19692.595,1.87,9.55
2017-09-29,19692.595,1.84,9.51
2017-10-02,20037.088,1.83,9.45
2017-10-03,20037.088,1.84,9.51
2017-10-04,20037.088,1.85,9.63
2017-10-05,20037.088,1.86,9.19
2017-10-06,20037.088,1.87,9.65
2017-10-09,20037.088,,10.33
2017-10-10,20037.088,1.88,10.08
2017-10-11,20037.088,1.89,9.85
2017-10-12,20037.088,1.89,9.91
2017-10-13,20037.088,1.85,9.61
2017-10-16,20037.088,1.84,9.91
2017-10-17,20037.088,1.82,10.31
2017-10-18,20037.088,1.84,10.07
2017-10-19,20037.088,1.84,10.05
2017-10-20,20037.088,1.87,9.97
2017-10-23,20037.088,1.86,11.07
2017-10-24,20037.088,1.87,11.16
2017-10-25,20037.088,1.88,11.23
2017-10-26,20037.088,1.89,11.3
2017-10-27,20037.088,1.88,9.8
2017-10-30,20037.088,1.87,10.5
2017-10-31,20037.088,1.88,10.18
2017-11-01,20037.088,1.88,10.2
2017-11-02,20037.088,1.87,9.93
2017-11-03,20037.088,1.86,9.14
2017-11-06,20037.088,1.86,9.4
2017-11-07,20037.088,1.88,9.89
2017-11-08,20037.088,1.87,9.78
2017-11-09,20037.088,1.87,10.5
2017-11-10,20037.088,1.88,11.29
2017-11-13,20037.088,1.88,11.5
2017-11-14,20037.088,1.87,11.59
2017-11-15,20037.088,1.85,13.13
2017-11-16,20037.088,1.84,11.76
2017-11-17,20037.088,1.86,11.43
2017-11-20,20037.088,1.85,10.65
2017-11-21,20037.088,1.84,9.73
2017-11-22,20037.088,1.84,9.88
2017-11-24,20037.088,1.84,9.67
2017-11-27,20037.088,1.83,9.87
2017-11-28,20037.088,1.84,10.03
2017-11-29,20037.088,1.84,10.7
2017-11-30,20037.088,1.86,11.28
2017-12-01,20037.088,1.86,11.43
2017-12-04,20037.088,1.87,11.68
2017-12-05,20037.088,1.86,11.33
2017-12-06,20037.088,1.86,11.02
2017-12-07,20037.088,1.87,10.16
2017-12-08,20037.088,1.88,9.58
2017-12-11,20037.088,1.88,9.34
2017-12-12,20037.088,1.89,9.92
2017-12-13,20037.088,1.88,10.18
2017-12-14,20037.088,1.87,10.49
2017-12-15,20037.088,1.88,9.42
2017-12-18,20037.088,1.89,9.53
2017-12-19,20037.088,1.91,10.03
2017-12-20,20037.088,1.92,9.72
2017-12-21,20037.088,1.93,9.62
2017-12-22,20037.088,1.94,9.9
2017-12-26,20037.088,1.94,10.25
2017-12-27,20037.088,1.94,10.47
2017-12-28,20037.088,1.96,10.18
2017-12-29,20037.088,1.96,11.04
2018-01-02,20328.553,2.0,9.77
2018-01-03,20328.553,1.98,9.15
2018-01-04,20328.553,2.01,9.22
2018-01-05,20328.553,2.01,9.22
2018-01-08,20328.553,2.02,9.52
2018-01-09,20328.553,2.03,10.08
2018-01-10,20328.553,2.03,9.82
2018-01-11,20328.553,2.0,9.88
2018-01-12,20328.553,2.01,10.16
2018-01-16,20328.553,2.03,11.66
2018-01-17,20328.553,2.04,11.91
2018-01-18,20328.553,2.05,12.22
2018-01-19,20328.553,2.06,11.27
2018-01-22,20328.553,2.06,11.03
2018-01-23,20328.553,2.06,11.1
2018-01-24,20328.553,2.07,11.47
2018-01-25,20328.553,2.07,11.58
2018-01-26,20328.553,2.09,11.08
2018-01-29,20328.553,2.09,13.84
2018-01-30,20328.553,2.1,14.79
2018-01-31,20328.553,2.11,13.54
2018-02-01,20328.553,2.11,13.47
2018-02-02,20328.553,2.14,17.31
2018-02-05,20328.553,2.1,37.32
2018-02-06,20328.553,2.1,29.98
2018-02-07,20328.553,2.1,27.73
2018-02-08,20328.553,2.09,33.46
2018-02-09,20328.553,2.05,29.06
2018-02-12,20328.553,2.07,25.61
2018-02-13,20328.553,2.05,24.97
2018-02-14,20328.553,2.09,19.26
2018-02-15,20328.553,2.11,19.13
2018-02-16,20328.553,2.09,19.46
2018-02-20,20328.553,2.1,20.6
2018-02-21,20328.553,2.12,20.02
2018-02-22,20328.553,2.11,18.72
2018-02-23,20328.553,2.12,16.49
2018-02-26,20328.553,2.13,15.8
2018-02-27,20328.553,2.13,18.59
2018-02-28,20328.553,2.12,19.85
2018-03-01,20328.553,2.1,22.47
2018-03-02,20328.553,2.12,19.59
2018-03-05,20328.553,2.13,18.73
2018-03-06,20328.553,2.12,18.36
2018-03-07,20328.553,2.13,17.76
2018-03-08,20328.553,2.11,16.54
2018-03-09,20328.553,2.12,14.64
2018-03-12,20328.553,2.1,15.78
2018-03-13,20328.553,2.09,16.35
2018-03-14,20328.553,2.07,17.23
2018-03-15,20328.553,2.08,16.59
2018-03-16,20328.553,2.08,15.8
2018-03-19,20328.553,2.08,19.02
2018-03-20,20328.553,2.08,18.2
2018-03-21,20328.553,2.09,17.86
2018-03-22,20328.553,2.08,23.34
2018-03-23,20328.553,2.07,24.87
2018-03-26,20328.553,2.08,21.03
2018-03-27,20328.553,2.07,22.5
2018-03-28,20328.553,2.05,22.87
2018-03-29,20328.553,2.05,19.97
2018-04-02,20580.912,2.05,23.62
2018-04-03,20580.912,2.08,21.1
2018-04-04,20580.912,2.08,20.06
2018-04-05,20580.912,2.08,18.94
2018-04-06,20580.912,2.07,21.49
2018-04-09,20580.912,2.07,21.77
2018-04-10,20580.912,2.08,20.47
2018-04-11,20580.912,2.11,20.24
2018-04-12,20580.912,2.13,18.49
2018-04-13,20580.912,2.13,17.41
2018-04-16,20580.912,2.12,16.56
2018-04-17,20580.912,2.14,15.25
2018-04-18,20580.912,2.16,15.6
2018-04-19,20580.912,2.17,15.96
2018-04-20,20580.912,2.17,16.88
2018-04-23,20580.912,2.18,16.34
2018-04-24,20580.912,2.17,18.02
2018-04-25,20580.912,2.17,17.84
2018-04-26,20580.912,2.18,16.24
2018-04-27,20580.912,2.17,15.41
2018-04-30,20580.912,2.17,15.93
2018-05-01,20580.912,2.16,15.49
2018-05-02,20580.912,2.17,15.97
2018-05-03,20580.912,2.16,15.9
2018-05-04,20580.912,2.16,14.77
2018-05-07,20580.912,2.17,14.75
2018-05-08,20580.912,2.16,14.71
2018-05-09,20580.912,2.18,13.42
2018-05-10,20580.912,2.17,13.23
2018-05-11,20580.912,2.15,12.65
2018-05-14,20580.912,2.15,12.93
2018-05-15,20580.912,2.18,14.63
2018-05-16,20580.912,2.17,13.42
2018-05-17,20580.912,2.16,13.43
2018-05-18,20580.912,2.15,13.42
2018-05-21,20580.912,2.16,13.08
2018-05-22,20580.912,2.15,13.22
2018-05-23,20580.912,2.14,12.58
2018-05-24,20580.912,2.12,12.53
2018-05-25,20580.912,2.09,13.22
2018-05-29,20580.912,2.04,17.02
2018-05-30,20580.912,2.06,14.94
2018-05-31,20580.912,2.07,15.43
2018-06-01,20580.912,2.09,13.46
2018-06-04,20580.912,2.12,12.74
2018-06-05,20580.912,2.13,12.4
2018-06-06,20580.912,2.14,11.64
2018-06-07,20580.912,2.13,12.13
2018-06-08,20580.912,2.11,12.18
2018-06-11,20580.912,2.13,12.35
2018-06-12,20580.912,2.13,12.34
2018-06-13,20580.912,2.12,12.94
2018-06-14,20580.912,2.12,12.12
2018-06-15,20580.912,2.12,11.98
2018-06-18,20580.912,2.12,12.31
2018-06-19,20580.912,2.12,13.35
2018-06-20,20580.912,2.12,12.79
2018-06-21,20580.912,2.11,14.64
2018-06-22,20580.912,2.12,13.77
2018-06-25,20580.912,2.1,17.33
2018-06-26,20580.912,2.12,15.92
2018-06-27,20580.912,2.11,17.91
2018-06-28,20580.912,2.1,16.85
2018-06-29,20580.912,2.11,16.09
2018-07-02,20798.73,2.14,15.6
2018-07-03,20798.73,2.12,16.14
2018-07-05,20798.73,2.13,14.97
2018-07-06,20798.73,2.12,13.37
2018-07-09,20798.73,2.13,12.69
2018-07-10,20798.73,2.13,12.64
2018-07-11,20798.73,2.11,13.63
2018-07-12,20798.73,2.1,12.58
2018-07-13,20798.73,2.11,12.18
2018-07-16,20798.73,2.1,12.83
2018-07-17,20798.73,2.09,12.06
2018-07-18,20798.73,2.09,12.1
2018-07-19,20798.73,2.09,12.87
2018-07-20,20798.73,2.11,12.86
2018-07-23,20798.73,2.11,12.62
2018-07-24,20798.73,2.11,12.41
2018-07-25,20798.73,2.13,12.29
2018-07-26,20798.73,2.11,12.14
2018-07-27,20798.73,2.12,13.03
2018-07-30,20798.73,2.13,14.26
2018-07-31,20798.73,2.12,12.83
2018-08-01,20798.73,2.13,13.15
2018-08-02,20798.73,2.12,12.19
2018-08-03,20798.73,2.12,11.64
2018-08-06,20798.73,2.11,11.27
2018-08-07,20798.73,2.13,10.93
2018-08-08,20798.73,2.11,10.85
2018-08-09,20798.73,2.11,11.27
2018-08-10,20798.73,2.09,13.16
2018-08-13,20798.73,2.1,14.78
2018-08-14,20798.73,2.09,13.31
2018-08-15,20798.73,2.08,14.64
2018-08-16,20798.73,2.08,13.45
2018-08-17,20798.73,2.08,12.64
2018-08-20,20798.73,2.07,12.49
2018-08-21,20798.73,2.08,12.86
2018-08-22,20798.73,2.08,12.25
2018-08-23,20798.73,2.09,12.41
2018-08-24,20798.73,2.09,11.99
2018-08-27,20798.73,2.11,12.16
2018-08-28,20798.73,2.11,12.5
2018-08-29,20798.73,2.12,12.25
2018-08-30,20798.73,2.1,13.53
2018-08-31,20798.73,2.08,12.86
2018-09-04,20798.73,2.1,13.16
2018-09-05,20798.73,2.09,13.91
2018-09-06,20798.73,2.08,14.65
2018-09-07,20798.73,2.1,14.88
2018-09-10,20798.73,2.1,14.16
2018-09-11,20798.73,2.12,13.22
2018-09-12,20798.73,2.12,13.14
2018-09-13,20798.73,2.1,12.37
2018-09-14,20798.73,2.1,12.07
2018-09-17,20798.73,2.1,13.68
2018-09-18,20798.73,2.13,12.79
2018-09-19,20798.73,2.15,11.75
2018-09-20,20798.73,2.15,11.8
2018-09-21,20798.73,2.15,11.68
2018-09-24,20798.73,2.16,12.2
2018-09-25,20798.73,2.16,12.42
2018-09-26,20798.73,2.14,12.89
2018-09-27,20798.73,2.15,12.41
2018-09-28,20798.73,2.14,12.12
2018-10-01,20917.867,2.14,12.0
2018-10-02,20917.867,2.12,12.05
2018-10-03,20917.867,2.16,11.61
2018-10-04,20917.867,2.16,14.22
2018-10-05,20917.867,2.16,14.82
2018-10-08,20917.867,,15.69
2018-10-09,20917.867,2.17,15.95
2018-10-10,20917.867,2.16,22.96
2018-10-11,20917.867,2.12,24.98
2018-10-12,20917.867,2.12,21.31
2018-10-15,20917.867,2.13,21.3
2018-10-16,20917.867,2.13,17.62
2018-10-17,20917.867,2.13,17.4
2018-10-18,20917.867,2.1,20.06
2018-10-19,20917.867,2.11,19.89
2018-10-22,20917.867,2.11,19.64
2018-10-23,20917.867,2.09,20.71
2018-10-24,20917.867,2.07,25.23
2018-10-25,20917.867,2.05,24.22
2018-10-26,20917.867,2.06,24.16
2018-10-29,20917.867,2.06,24.7
2018-10-30,20917.867,2.05,23.35
2018-10-31,20917.867,2.05,21.23
2018-11-01,20917.867,2.02,19.34
2018-11-02,20917.867,2.06,19.51
2018-11-05,20917.867,2.06,19.96
2018-11-06,20917.867,2.07,19.91
2018-11-07,20917.867,2.07,16.36
2018-11-08,20917.867,2.07,16.72
2018-11-09,20917.867,2.04,17.36
2018-11-12,20917.867,,20.45
2018-11-13,20917.867,2.02,20.02
2018-11-14,20917.867,2.0,21.25
2018-11-15,20917.867,2.0,19.98
2018-11-16,20917.867,2.02,18.14
2018-11-19,20917.867,1.99,20.1
2018-11-20,20917.867,1.97,22.48
2018-11-21,20917.867,1.97,20.8
2018-11-23,20917.867,1.96,21.52
2018-11-26,20917.867,1.96,18.9
2018-11-27,20917.867,1.91,19.02
2018-11-28,20917.867,1.94,18.49
2018-11-29,20917.867,1.98,18.79
2018-11-30,20917.867,1.97,18.07
2018-12-03,20917.867,1.96,16.44
2018-12-04,20917.867,1.94,20.74
2018-12-06,20917.867,1.9,21.19
2018-12-07,20917.867,1.89,23.23
2018-12-10,20917.867,1.86,22.64
2018-12-11,20917.867,1.83,21.76
2018-12-12,20917.867,1.83,21.46
2018-12-13,20917.867,1.83,20.65
2018-12-14,20917.867,1.82,21.63
2018-12-17,20917.867,1.81,24.52
2018-12-18,20917.867,1.81,25.58
2018-12-19,20917.867,1.8,25.58
2018-12-20,20917.867,1.76,28.38
2018-12-21,20917.867,1.77,30.11
2018-12-24,20917.867,1.75,36.07
2018-12-26,20917.867,1.77,30.41
2018-12-27,20917.867,1.74,29.96
2018-12-28,20917.867,1.73,28.34
2018-12-31,20917.867,1.71,25.42
2019-01-02,21111.6,1.7,23.22
2019-01-03,21111.6,1.68,25.45
2019-01-04,21111.6,1.76,21.38
2019-01-07,21111.6,1.78,21.4
2019-01-08,21111.6,1.82,20.47
2019-01-09,21111.6,1.83,19.98
2019-01-10,21111.6,1.81,19.5
2019-01-11,21111.6,1.83,18.19
2019-01-14,21111.6,1.81,19.07
2019-01-15,21111.6,1.81,18.6
2019-01-16,21111.6,1.82,19.04
2019-01-17,21111.6,1.79,18.06
2019-01-18,21111.6,1.83,17.8
2019-01-22,21111.6,1.79,20.8
2019-01-23,21111.6,1.8,19.52
2019-01-24,21111.6,1.77,18.89
2019-01-25,21111.6,1.79,17.42
2019-01-28,21111.6,1.78,18.87
2019-01-29,21111.6,1.78,19.13
2019-01-30,21111.6,1.84,17.66
2019-01-31,21111.6,1.85,16.57
2019-02-01,21111.6,1.88,16.14
2019-02-04,21111.6,1.87,15.73
2019-02-05,21111.6,1.87,15.57
2019-02-06,21111.6,1.86,15.38
2019-02-07,21111.6,1.84,16.37
2019-02-08,21111.6,1.82,15.72
2019-02-11,21111.6,1.82,15.97
2019-02-12,21111.6,1.83,15.43
2019-02-13,21111.6,1.86,15.65
2019-02-14,21111.6,1.85,16.22
2019-02-15,21111.6,1.86,14.91
2019-02-19,21111.6,1.87,14.88
2019-02-20,21111.6,1.89,14.02
2019-02-21,21111.6,1.91,14.46
2019-02-22,21111.6,1.91,13.51
2019-02-25,21111.6,1.92,14.85
2019-02-26,21111.6,1.92,15.17
2019-02-27,21111.6,1.93,14.7
2019-02-28,21111.6,1.95,14.78
2019-03-01,21111.6,1.96,13.57
2019-03-04,21111.6,1.94,14.63
2019-03-05,21111.6,1.93,14.74
2019-03-06,21111.6,1.91,15.74
2019-03-07,21111.6,1.9,16.59
2019-03-08,21111.6,1.9,16.05
2019-03-11,21111.6,1.91,14.33
2019-03-12,21111.6,1.9,13.77
2019-03-13,21111.6,1.92,13.41
2019-03-14,21111.6,1.94,13.5
2019-03-15,21111.6,1.94,12.88
2019-03-18,21111.6,1.96,13.1
2019-03-19,21111.6,1.95,13.56
2019-03-20,21111.6,1.96,13.91
2019-03-21,21111.6,1.96,13.63
2019-03-22,21111.6,1.9,16.48
2019-03-25,21111.6,1.88,16.33
2019-03-26,21111.6,1.86,14.68
2019-03-27,21111.6,1.84,15.15
2019-03-28,21111.6,1.83,14.43
2019-03-29,21111.6,1.88,13.71
2019-04-01,21397.938,1.9,13.4
2019-04-02,21397.938,1.9,13.36
2019-04-03,21397.938,1.91,13.74
2019-04-04,21397.938,1.9,13.58
2019-04-05,21397.938,1.9,12.82
2019-04-08,21397.938,1.91,13.18
2019-04-09,21397.938,1.91,14.28
2019-04-10,21397.938,1.94,13.3
2019-04-11,21397.938,1.94,13.02
2019-04-12,21397.938,1.95,12.01
2019-04-15,21397.938,1.94,12.32
2019-04-16,21397.938,1.96,12.18
2019-04-17,21397.938,1.94,12.6
2019-04-18,21397.938,1.95,12.09
2019-04-22,21397.938,1.95,12.42
2019-04-23,21397.938,1.95,12.28
2019-04-24,21397.938,1.96,13.14
2019-04-25,21397.938,1.98,13.25
2019-04-26,21397.938,1.97,12.73
2019-04-29,21397.938,1.96,13.11
2019-04-30,21397.938,1.95,13.12
2019-05-01,21397.938,1.93,14.8
2019-05-02,21397.938,1.89,14.42
2019-05-03,21397.938,1.91,12.87
2019-05-06,21397.938,1.91,15.44
2019-05-07,21397.938,1.87,19.32
2019-05-08,21397.938,1.87,19.4
2019-05-09,21397.938,1.85,19.1
2019-05-10,21397.938,1.88,16.04
2019-05-13,21397.938,1.85,20.55
2019-05-14,21397.938,1.86,18.06
2019-05-15,21397.938,1.83,16.44
2019-05-16,21397.938,1.84,15.29
2019-05-17,21397.938,1.81,15.96
2019-05-20,21397.938,1.81,16.31
2019-05-21,21397.938,1.83,14.95
2019-05-22,21397.938,1.79,14.75
2019-05-23,21397.938,1.73,16.92
2019-05-24,21397.938,1.76,15.85
2019-05-28,21397.938,1.73,17.5
2019-05-29,21397.938,1.75,17.9
2019-05-30,21397.938,1.74,17.3
2019-05-31,21397.938,1.74,18.71
2019-06-03,21397.938,1.73,18.86
2019-06-04,21397.938,1.74,16.97
2019-06-05,21397.938,1.75,16.09
2019-06-06,21397.938,1.73,15.93
2019-06-07,21397.938,1.74,16.3
2019-06-10,21397.938,1.73,15.94
2019-06-11,21397.938,1.72,15.99
2019-06-12,21397.938,1.71,15.91
2019-06-13,21397.938,1.68,15.82
2019-06-14,21397.938,1.63,15.28
2019-06-17,21397.938,1.61,15.35
2019-06-18,21397.938,1.64,15.15
2019-06-19,21397.938,1.67,14.33
2019-06-20,21397.938,1.74,14.75
2019-06-21,21397.938,1.73,15.4
2019-06-24,21397.938,1.71,15.26
2019-06-25,21397.938,1.67,16.28
2019-06-26,21397.938,1.7,16.21
2019-06-27,21397.938,1.68,15.82
2019-06-28,21397.938,1.69,15.08
2019-07-01,21717.171,1.69,14.06
2019-07-02,21717.171,1.65,12.93
2019-07-03,21717.171,1.65,12.57
2019-07-05,21717.171,1.69,13.28
2019-07-08,21717.171,1.7,13.96
2019-07-09,21717.171,1.71,14.09
2019-07-10,21717.171,1.74,13.03
2019-07-11,21717.171,1.77,12.93
2019-07-12,21717.171,1.77,12.39
2019-07-15,21717.171,1.77,12.68
2019-07-16,21717.171,1.8,12.86
2019-07-17,21717.171,1.75,13.97
2019-07-18,21717.171,1.79,13.53
2019-07-19,21717.171,1.8,14.45
2019-07-22,21717.171,1.79,13.53
2019-07-23,21717.171,1.81,12.61
2019-07-24,21717.171,1.79,12.07
2019-07-25,21717.171,1.8,12.74
2019-07-26,21717.171,1.78,12.16
2019-07-29,21717.171,1.77,12.83
2019-07-30,21717.171,1.78,13.94
2019-07-31,21717.171,1.76,16.12
2019-08-01,21717.171,1.7,17.87
2019-08-02,21717.171,1.66,17.61
2019-08-05,21717.171,1.6,24.59
2019-08-06,21717.171,1.62,20.17
2019-08-07,21717.171,1.62,19.49
2019-08-08,21717.171,1.65,16.91
2019-08-09,21717.171,1.66,17.97
2019-08-12,21717.171,1.61,21.09
2019-08-13,21717.171,1.63,17.52
2019-08-14,21717.171,1.57,22.1
2019-08-15,21717.171,1.54,21.18
2019-08-16,21717.171,1.54,18.47
2019-08-19,21717.171,1.56,16.88
2019-08-20,21717.171,1.53,17.5
2019-08-21,21717.171,1.54,15.8
2019-08-22,21717.171,1.55,16.68
2019-08-23,21717.171,1.54,19.87
2019-08-26,21717.171,1.54,19.32
2019-08-27,21717.171,1.55,20.31
2019-08-28,21717.171,1.55,19.35
2019-08-29,21717.171,1.59,17.88
2019-08-30,21717.171,1.55,18.98
2019-09-03,21717.171,1.5,19.66
2019-09-04,21717.171,1.51,17.33
2019-09-05,21717.171,1.56,16.27
2019-09-06,21717.171,1.54,15.0
2019-09-09,21717.171,1.57,15.27
2019-09-10,21717.171,1.6,15.2
2019-09-11,21717.171,1.6,14.61
2019-09-12,21717.171,1.63,14.22
2019-09-13,21717.171,1.67,13.74
2019-09-16,21717.171,1.67,14.67
2019-09-17,21717.171,1.66,14.44
2019-09-18,21717.171,1.59,13.95
2019-09-19,21717.171,1.61,14.05
2019-09-20,21717.171,1.61,15.32
2019-09-23,21717.171,1.61,14.91
2019-09-24,21717.171,1.58,17.05
2019-09-25,21717.171,1.6,15.96
2019-09-26,21717.171,1.57,16.07
2019-09-27,21717.171,1.53,17.22
2019-09-30,21717.171,1.53,16.24
2019-10-01,21933.217,1.52,18.56
2019-10-02,21933.217,1.5,20.56
2019-10-03,21933.217,1.48,19.12
2019-10-04,21933.217,1.5,17.04
2019-10-07,21933.217,1.51,17.86
2019-10-08,21933.217,1.48,20.28
2019-10-09,21933.217,1.49,18.64
2019-10-10,21933.217,1.52,17.57
2019-10-11,21933.217,1.56,15.58
2019-10-14,21933.217,,14.57
2019-10-15,21933.217,1.56,13.54
2019-10-16,21933.217,1.57,13.68
2019-10-17,21933.217,1.59,13.79
2019-10-18,21933.217,1.6,14.25
2019-10-21,21933.217,1.61,14.0
2019-10-22,21933.217,1.61,14.46
2019-10-23,21933.217,1.61,14.01
2019-10-24,21933.217,1.62,13.71
2019-10-25,21933.217,1.65,12.65
2019-10-28,21933.217,1.64,13.11
2019-10-29,21933.217,1.61,13.2
2019-10-30,21933.217,1.57,12.33
2019-10-31,21933.217,1.54,13.22
2019-11-01,21933.217,1.59,12.3
2019-11-04,21933.217,1.64,12.83
2019-11-05,21933.217,1.68,13.1
2019-11-06,21933.217,1.66,12.62
2019-11-07,21933.217,1.69,12.73
2019-11-08,21933.217,1.71,12.07
2019-11-11,21933.217,,12.69
2019-11-12,21933.217,1.7,12.68
2019-11-13,21933.217,1.66,13.0
2019-11-14,21933.217,1.62,13.05
2019-11-15,21933.217,1.63,12.05
2019-11-18,21933.217,1.63,12.46
2019-11-19,21933.217,1.63,12.86
2019-11-20,21933.217,1.6,12.78
2019-11-21,21933.217,1.63,13.13
2019-11-22,21933.217,1.62,12.34
2019-11-25,21933.217,1.62,11.87
2019-11-26,21933.217,1.62,11.54
2019-11-27,21933.217,1.63,11.75
2019-11-29,21933.217,1.61,12.62
2019-12-02,21933.217,1.65,14.91
2019-12-03,21933.217,1.63,15.96
2019-12-04,21933.217,1.66,14.8
2019-12-05,21933.217,1.67,14.52
2019-12-06,21933.217,1.69,13.62
2019-12-09,21933.217,1.69,15.86
2019-12-10,21933.217,1.71,15.68
2019-12-11,21933.217,1.69,14.99
2019-12-12,21933.217,1.72,13.94
2019-12-13,21933.217,1.7,12.63
2019-12-16,21933.217,1.73,12.14
2019-12-17,21933.217,1.75,12.29
2019-12-18,21933.217,1.76,12.58
2019-12-19,21933.217,1.77,12.5
2019-12-20,21933.217,1.77,12.51
2019-12-23,21933.217,1.75,12.61
2019-12-24,21933.217,1.75,12.67
2019-12-26,21933.217,1.74,12.65
2019-12-27,21933.217,1.73,13.43
2019-12-30,21933.217,1.75,14.82
2019-12-31,21933.217,1.77,13.78
2020-01-02,21727.657,1.8,12.47
2020-01-03,21727.657,1.77,14.02
2020-01-06,21727.657,1.75,13.85
2020-01-07,21727.657,1.74,13.79
2020-01-08,21727.657,1.75,13.45
2020-01-09,21727.657,1.74,12.54
2020-01-10,21727.657,1.76,12.56
2020-01-13,21727.657,1.77,12.32
2020-01-14,21727.657,1.77,12.39
2020-01-15,21727.657,1.75,12.42
2020-01-16,21727.657,1.74,12.32
2020-01-17,21727.657,1.75,12.1
2020-01-21,21727.657,1.74,12.85
2020-01-22,21727.657,1.72,12.91
2020-01-23,21727.657,1.7,12.98
2020-01-24,21727.657,1.68,14.56
2020-01-27,21727.657,1.63,18.23
2020-01-28,21727.657,1.65,16.28
2020-01-29,21727.657,1.64,16.39
2020-01-30,21727.657,1.64,15.49
2020-01-31,21727.657,1.65,18.84
2020-02-03,21727.657,1.63,17.97
2020-02-04,21727.657,1.64,16.05
2020-02-05,21727.657,1.66,15.15
2020-02-06,21727.657,1.67,14.96
2020-02-07,21727.657,1.66,15.47
2020-02-10,21727.657,1.66,15.04
2020-02-11,21727.657,1.65,15.18
2020-02-12,21727.657,1.66,13.74
2020-02-13,21727.657,1.67,14.15
2020-02-14,21727.657,1.66,13.68
2020-02-18,21727.657,1.65,14.83
2020-02-19,21727.657,1.65,14.38
2020-02-20,21727.657,1.63,15.56
2020-02-21,21727.657,1.61,17.08
2020-02-24,21727.657,1.59,25.03
2020-02-25,21727.657,1.53,27.85
2020-02-26,21727.657,1.54,27.56
2020-02-27,21727.657,1.53,39.16
2020-02-28,21727.657,1.41,40.11
2020-03-02,21727.657,1.41,33.42
2020-03-03,21727.657,1.45,36.82
2020-03-04,21727.657,1.46,31.99
2020-03-05,21727.657,1.4,39.62
2020-03-06,21727.657,1.31,41.94
2020-03-09,21727.657,0.99,54.46
2020-03-10,21727.657,1.0,47.3
2020-03-11,21727.657,0.96,53.9
2020-03-12,21727.657,0.92,75.47
2020-03-13,21727.657,0.9,57.83
2020-03-16,21727.657,0.73,82.69
2020-03-17,21727.657,0.63,75.91
2020-03-18,21727.657,0.63,76.45
2020-03-19,21727.657,0.5,72.0
2020-03-20,21727.657,0.75,66.04
2020-03-23,21727.657,0.8,61.59
2020-03-24,21727.657,0.97,61.67
2020-03-25,21727.657,1.07,63.95
2020-03-26,21727.657,1.07,61.0
2020-03-27,21727.657,0.94,65.54
2020-03-30,21727.657,0.95,57.08
2020-03-31,21727.657,0.87,53.54
2020-04-01,19935.444,0.91,57.06
2020-04-02,19935.444,1.03,50.91
2020-04-03,19935.444,1.08,46.8
2020-04-06,19935.444,1.14,45.24
2020-04-07,19935.444,1.17,46.7
2020-04-08,19935.444,1.19,43.35
2020-04-09,19935.444,1.23,41.67
2020-04-13,19935.444,1.26,41.17
2020-04-14,19935.444,1.29,37.76
2020-04-15,19935.444,1.19,40.84
2020-04-16,19935.444,1.03,40.11
2020-04-17,19935.444,1.01,38.15
2020-04-20,19935.444,0.94,43.83
2020-04-21,19935.444,0.96,45.41
2020-04-22,19935.444,1.06,41.98
2020-04-23,19935.444,1.05,41.38
2020-04-24,19935.444,1.11,35.93
2020-04-27,19935.444,1.17,33.29
2020-04-28,19935.444,1.14,33.57
2020-04-29,19935.444,1.14,31.23
2020-04-30,19935.444,1.07,34.15
2020-05-01,19935.444,1.06,37.19
2020-05-04,19935.444,1.07,35.97
2020-05-05,19935.444,1.1,33.61
2020-05-06,19935.444,1.1,34.12
2020-05-07,19935.444,1.08,31.44
2020-05-08,19935.444,1.12,27.98
2020-05-11,19935.444,1.13,27.57
2020-05-12,19935.444,1.09,33.04
2020-05-13,19935.444,1.07,35.28
2020-05-14,19935.444,1.06,32.61
2020-05-15,19935.444,1.09,31.89
2020-05-18,19935.444,1.17,29.3
2020-05-19,19935.444,1.15,30.53
2020-05-20,19935.444,1.16,27.99
2020-05-21,19935.444,1.14,29.53
2020-05-22,19935.444,1.12,28.16
2020-05-26,19935.444,1.13,28.01
2020-05-27,19935.444,1.14,27.62
2020-05-28,19935.444,1.18,28.59
2020-05-29,19935.444,1.15,27.51
2020-06-01,19935.444,1.18,28.23
2020-06-02,19935.444,1.18,26.84
2020-06-03,19935.444,1.21,25.66
2020-06-04,19935.444,1.22,25.81
2020-06-05,19935.444,1.27,24.52
2020-06-08,19935.444,1.28,25.81
2020-06-09,19935.444,1.26,27.57
2020-06-10,19935.444,1.27,27.57
2020-06-11,19935.444,1.21,40.79
2020-06-12,19935.444,1.21,36.09
2020-06-15,19935.444,1.23,34.4
2020-06-16,19935.444,1.27,33.67
2020-06-17,19935.444,1.26,33.47
2020-06-18,19935.444,1.28,32.94
2020-06-19,19935.444,1.3,35.12
2020-06-22,19935.444,1.34,31.77
2020-06-23,19935.444,1.38,31.37
2020-06-24,19935.444,1.33,33.84
2020-06-25,19935.444,1.33,32.22
2020-06-26,19935.444,1.32,34.73
2020-06-29,19935.444,1.34,31.78
2020-06-30,19935.444,1.34,30.43
2020-07-01,21684.551,1.37,28.62
2020-07-02,21684.551,1.41,27.68
2020-07-06,21684.551,1.45,27.94
2020-07-07,21684.551,1.43,29.43
2020-07-08,21684.551,1.42,28.08
2020-07-09,21684.551,1.39,29.26
2020-07-10,21684.551,1.41,27.29
2020-07-13,21684.551,1.42,32.19
2020-07-14,21684.551,1.41,29.52
2020-07-15,21684.551,1.41,27.76
2020-07-16,21684.551,1.41,28.0
2020-07-17,21684.551,1.46,25.68
2020-07-20,21684.551,1.46,24.46
2020-07-21,21684.551,1.48,24.84
2020-07-22,21684.551,1.48,24.32
2020-07-23,21684.551,1.49,26.08
2020-07-24,21684.551,1.51,25.84
2020-07-27,21684.551,1.52,24.74
2020-07-28,21684.551,1.51,25.44
2020-07-29,21684.551,1.53,24.1
2020-07-30,21684.551,1.52,24.76
2020-07-31,21684.551,1.55,24.46
2020-08-03,21684.551,1.58,24.28
2020-08-04,21684.551,1.57,23.76
2020-08-05,21684.551,1.61,22.99
2020-08-06,21684.551,1.63,22.65
2020-08-07,21684.551,1.61,22.21
2020-08-10,21684.551,1.61,22.13
2020-08-11,21684.551,1.63,24.03
2020-08-12,21684.551,1.67,22.28
2020-08-13,21684.551,1.67,22.13
2020-08-14,21684.551,1.65,22.05
2020-08-17,21684.551,1.66,21.35
2020-08-18,21684.551,1.68,21.51
2020-08-19,21684.551,1.67,22.54
2020-08-20,21684.551,1.62,22.72
2020-08-21,21684.551,1.64,22.54
2020-08-24,21684.551,1.67,22.37
2020-08-25,21684.551,1.7,22.03
2020-08-26,21684.551,1.72,23.27
2020-08-27,21684.551,1.73,24.47
2020-08-28,21684.551,1.77,22.96
2020-08-31,21684.551,1.8,26.41
2020-09-01,21684.551,1.76,26.12
2020-09-02,21684.551,1.73,26.57
2020-09-03,21684.551,1.65,33.6
2020-09-04,21684.551,1.7,30.75
2020-09-08,21684.551,1.68,31.46
2020-09-09,21684.551,1.71,28.81
2020-09-10,21684.551,1.69,29.71
2020-09-11,21684.551,1.65,26.87
2020-09-14,21684.551,1.65,25.85
2020-09-15,21684.551,1.67,25.59
2020-09-16,21684.551,1.68,26.04
2020-09-17,21684.551,1.66,26.46
2020-09-18,21684.551,1.67,25.83
2020-09-21,21684.551,1.62,27.78
2020-09-22,21684.551,1.62,26.86
2020-09-23,21684.551,1.6,28.58
2020-09-24,21684.551,1.58,28.51
2020-09-25,21684.551,1.58,26.38
2020-09-28,21684.551,1.61,26.19
2020-09-29,21684.551,1.64,26.27
2020-09-30,21684.551,1.63,26.37
2020-10-01,22068.767,1.63,26.7
2020-10-02,22068.767,1.64,27.63
2020-10-05,22068.767,1.68,27.96
2020-10-06,22068.767,1.66,29.48
2020-10-07,22068.767,1.71,28.06
2020-10-08,22068.767,1.72,26.36
2020-10-09,22068.767,1.73,25.0
2020-10-12,22068.767,,25.07
2020-10-13,22068.767,1.7,26.07
2020-10-14,22068.767,1.69,26.4
2020-10-15,22068.767,1.69,26.97
2020-10-16,22068.767,1.71,27.41
2020-10-19,22068.767,1.71,29.18
2020-10-20,22068.767,1.72,29.35
2020-10-21,22068.767,1.74,28.65
2020-10-22,22068.767,1.76,28.11
2020-10-23,22068.767,1.75,27.55
2020-10-26,22068.767,1.72,32.46
2020-10-27,22068.767,1.71,33.35
2020-10-28,22068.767,1.7,40.28
2020-10-29,22068.767,1.71,37.59
2020-10-30,22068.767,1.7,38.02
2020-11-02,22068.767,1.71,37.13
2020-11-03,22068.767,1.72,35.55
2020-11-04,22068.767,1.64,29.57
2020-11-05,22068.767,1.66,27.58
2020-11-06,22068.767,1.65,24.86
2020-11-09,22068.767,1.73,25.75
2020-11-10,22068.767,1.76,24.8
2020-11-11,22068.767,,23.45
2020-11-12,22068.767,1.71,25.35
2020-11-13,22068.767,1.72,23.1
2020-11-16,22068.767,1.72,22.45
2020-11-17,22068.767,1.7,22.71
2020-11-18,22068.767,1.7,23.84
2020-11-19,22068.767,1.7,23.11
2020-11-20,22068.767,1.69,23.7
2020-11-23,22068.767,1.71,22.66
2020-11-24,22068.767,1.74,21.64
2020-11-25,22068.767,1.75,21.25
2020-11-27,22068.767,1.75,20.84
2020-11-30,22068.767,1.77,20.57
2020-12-01,22068.767,1.81,20.77
2020-12-02,22068.767,1.85,21.17
2020-12-03,22068.767,1.86,21.28
2020-12-04,22068.767,1.89,20.79
2020-12-07,22068.767,1.88,21.3
2020-12-08,22068.767,1.89,20.68
2020-12-09,22068.767,1.91,22.27
2020-12-10,22068.767,1.88,22.52
2020-12-11,22068.767,1.87,23.31
2020-12-14,22068.767,1.88,24.72
2020-12-15,22068.767,1.91,22.89
2020-12-16,22068.767,1.92,22.5
2020-12-17,22068.767,1.94,21.93
2020-12-18,22068.767,1.95,21.57
2020-12-21,22068.767,1.95,25.16
2020-12-22,22068.767,1.94,24.23
2020-12-23,22068.767,1.97,23.31
2020-12-24,22068.767,1.97,21.53
2020-12-28,22068.767,1.97,21.7
2020-12-29,22068.767,1.96,23.08
2020-12-30,22068.767,1.96,22.77
2020-12-31,22068.767,1.99,22.75
2021-01-04,22656.793,2.01,26.97
2021-01-05,22656.793,2.03,25.34
2021-01-06,22656.793,2.06,25.07
2021-01-07,22656.793,2.09,22.37
2021-01-08,22656.793,2.06,21.56
2021-01-11,22656.793,2.06,24.08
2021-01-12,22656.793,2.08,23.33
2021-01-13,22656.793,2.06,22.21
2021-01-14,22656.793,2.09,23.25
2021-01-15,22656.793,2.1,24.34
2021-01-19,22656.793,2.1,23.24
2021-01-20,22656.793,2.12,21.58
2021-01-21,22656.793,2.1,21.32
2021-01-22,22656.793,2.09,21.91
2021-01-25,22656.793,2.08,23.19
2021-01-26,22656.793,2.08,23.02
2021-01-27,22656.793,2.08,37.21
2021-01-28,22656.793,2.13,30.21
2021-01-29,22656.793,2.13,33.09
2021-02-01,22656.793,2.11,30.24
2021-02-02,22656.793,2.15,25.56
2021-02-03,22656.793,2.19,22.91
2021-02-04,22656.793,2.17,21.77
2021-02-05,22656.793,2.21,20.87
2021-02-08,22656.793,2.22,21.24
2021-02-09,22656.793,2.22,21.63
2021-02-10,22656.793,2.21,21.99
2021-02-11,22656.793,2.2,21.25
2021-02-12,22656.793,2.21,19.97
2021-02-16,22656.793,2.24,21.46
2021-02-17,22656.793,2.21,21.5
2021-02-18,22656.793,2.16,22.49
2021-02-19,22656.793,2.14,22.05
2021-02-22,22656.793,2.16,23.45
2021-02-23,22656.793,2.16,23.11
2021-02-24,22656.793,2.17,21.34
2021-02-25,22656.793,2.14,28.89
2021-02-26,22656.793,2.15,27.95
2021-03-01,22656.793,2.16,23.35
2021-03-02,22656.793,2.2,24.1
2021-03-03,22656.793,2.21,26.67
2021-03-04,22656.793,2.2,28.57
2021-03-05,22656.793,2.22,24.66
2021-03-08,22656.793,2.21,25.47
2021-03-09,22656.793,2.21,24.03
2021-03-10,22656.793,2.26,22.56
2021-03-11,22656.793,2.28,21.91
2021-03-12,22656.793,2.26,20.69
2021-03-15,22656.793,2.27,20.03
2021-03-16,22656.793,2.3,19.79
2021-03-17,22656.793,2.3,19.23
2021-03-18,22656.793,2.27,21.58
2021-03-19,22656.793,2.31,20.95
2021-03-22,22656.793,2.33,18.88
2021-03-23,22656.793,2.29,20.3
2021-03-24,22656.793,2.31,21.2
2021-03-25,22656.793,2.32,19.81
2021-03-26,22656.793,2.34,18.86
2021-03-29,22656.793,2.36,20.74
2021-03-30,22656.793,2.35,19.61
2021-03-31,22656.793,2.37,19.4
2021-04-01,23368.861,2.35,17.33
2021-04-02,23368.861,2.36,
2021-04-05,23368.861,2.35,17.91
2021-04-06,23368.861,2.32,18.12
2021-04-07,23368.861,2.34,17.16
2021-04-08,23368.861,2.33,16.95
2021-04-09,23368.861,2.31,16.69
2021-04-12,23368.861,2.33,16.91
2021-04-13,23368.861,2.33,16.65
2021-04-14,23368.861,2.33,16.99
2021-04-15,23368.861,2.33,16.57
2021-04-16,23368.861,2.36,16.25
2021-04-19,23368.861,2.34,17.29
2021-04-20,23368.861,2.32,18.68
2021-04-21,23368.861,2.33,17.5
2021-04-22,23368.861,2.33,18.71
2021-04-23,23368.861,2.34,17.33
2021-04-26,23368.861,2.36,17.64
2021-04-27,23368.861,2.39,17.56
2021-04-28,23368.861,2.41,17.28
2021-04-29,23368.861,2.42,17.61
2021-04-30,23368.861,2.41,18.61
2021-05-03,23368.861,2.42,18.31
2021-05-04,23368.861,2.42,19.48
2021-05-05,23368.861,2.47,19.15
2021-05-06,23368.861,2.45,18.39
2021-05-07,23368.861,2.49,16.69
2021-05-10,23368.861,2.54,19.66
2021-05-11,23368.861,2.53,21.84
2021-05-12,23368.861,2.54,27.59
2021-05-13,23368.861,2.51,23.13
2021-05-14,23368.861,2.51,18.81
2021-05-17,23368.861,2.54,19.72
2021-05-18,23368.861,2.52,21.34
2021-05-19,23368.861,2.48,22.18
2021-05-20,23368.861,2.41,20.67
2021-05-21,23368.861,2.43,20.15
2021-05-24,23368.861,2.44,18.4
2021-05-25,23368.861,2.42,18.84
2021-05-26,23368.861,2.4,17.36
2021-05-27,23368.861,2.42,16.74
2021-05-28,23368.861,2.42,16.76
2021-06-01,23368.861,2.46,17.9
2021-06-02,23368.861,2.44,17.48
2021-06-03,23368.861,2.42,18.04
2021-06-04,23368.861,2.4,16.42
2021-06-07,23368.861,2.39,16.42
2021-06-08,23368.861,2.36,17.07
2021-06-09,23368.861,2.32,17.89
2021-06-10,23368.861,2.35,16.1
2021-06-11,23368.861,2.32,15.65
2021-06-14,23368.861,2.36,16.39
2021-06-15,23368.861,2.38,17.02
2021-06-16,23368.861,2.32,18.15
2021-06-17,23368.861,2.27,17.75
2021-06-18,23368.861,2.24,20.7
2021-06-21,23368.861,2.25,17.89
2021-06-22,23368.861,2.31,16.66
2021-06-23,23368.861,2.34,16.32
2021-06-24,23368.861,2.3,15.97
2021-06-25,23368.861,2.34,15.62
2021-06-28,23368.861,2.33,15.76
2021-06-29,23368.861,2.32,16.02
2021-06-30,23368.861,2.32,15.83
2021-07-01,23921.991,2.35,15.48
2021-07-02,23921.991,2.33,15.07
2021-07-06,23921.991,2.31,16.44
2021-07-07,23921.991,2.28,16.2
2021-07-08,23921.991,2.22,19.0
2021-07-09,23921.991,2.28,16.18
2021-07-12,23921.991,2.33,16.17
2021-07-13,23921.991,2.36,17.12
2021-07-14,23921.991,2.34,16.33
2021-07-15,23921.991,2.32,17.01
2021-07-16,23921.991,2.33,18.45
2021-07-19,23921.991,2.24,22.5
2021-07-20,23921.991,2.26,19.73
2021-07-21,23921.991,2.28,17.91
2021-07-22,23921.991,2.28,17.69
2021-07-23,23921.991,2.35,17.2
2021-07-26,23921.991,2.4,17.58
2021-07-27,23921.991,2.38,19.36
2021-07-28,23921.991,2.41,18.31
2021-07-29,23921.991,2.43,17.7
2021-07-30,23921.991,2.4,18.24
2021-08-02,23921.991,2.37,19.46
2021-08-03,23921.991,2.38,18.04
2021-08-04,23921.991,2.35,17.97
2021-08-05,23921.991,2.33,17.28
2021-08-06,23921.991,2.37,16.15
2021-08-09,23921.991,2.37,16.72
2021-08-10,23921.991,2.4,16.79
2021-08-11,23921.991,2.42,16.06
2021-08-12,23921.991,2.41,15.59
2021-08-13,23921.991,2.37,15.45
2021-08-16,23921.991,2.36,16.12
2021-08-17,23921.991,2.33,17.91
2021-08-18,23921.991,2.32,21.57
2021-08-19,23921.991,2.28,21.67
2021-08-20,23921.991,2.27,18.56
2021-08-23,23921.991,2.27,17.15
2021-08-24,23921.991,2.3,17.22
2021-08-25,23921.991,2.35,16.79
2021-08-26,23921.991,2.33,18.84
2021-08-27,23921.991,2.39,16.39
2021-08-30,23921.991,2.37,16.19
2021-08-31,23921.991,2.33,16.48
2021-09-01,23921.991,2.34,16.11
2021-09-02,23921.991,2.32,16.41
2021-09-03,23921.991,2.34,16.41
2021-09-07,23921.991,2.36,18.14
2021-09-08,23921.991,2.38,17.96
2021-09-09,23921.991,2.38,18.8
2021-09-10,23921.991,2.4,20.95
2021-09-13,23921.991,2.37,19.37
2021-09-14,23921.991,2.33,19.46
2021-09-15,23921.991,2.35,18.18
2021-09-16,23921.991,2.35,18.69
2021-09-17,23921.991,2.33,20.81
2021-09-20,23921.991,2.29,25.71
2021-09-21,23921.991,2.29,24.36
2021-09-22,23921.991,2.28,20.87
2021-09-23,23921.991,2.31,18.63
2021-09-24,23921.991,2.34,17.75
2021-09-27,23921.991,2.35,18.76
2021-09-28,23921.991,2.38,23.25
2021-09-29,23921.991,2.37,22.56
2021-09-30,23921.991,2.37,23.14
2021-10-01,24777.038,2.38,21.15
2021-10-04,24777.038,2.38,22.96
2021-10-05,24777.038,2.45,21.3
2021-10-06,24777.038,2.43,21.0
2021-10-07,24777.038,2.46,19.54
2021-10-08,24777.038,2.5,18.77
2021-10-11,24777.038,,20.0
2021-10-12,24777.038,2.49,19.85
2021-10-13,24777.038,2.52,18.64
2021-10-14,24777.038,2.52,16.86
2021-10-15,24777.038,2.56,16.3
2021-10-18,24777.038,2.54,16.31
2021-10-19,24777.038,2.54,15.7
2021-10-20,24777.038,2.57,15.49
2021-10-21,24777.038,2.64,15.01
2021-10-22,24777.038,2.64,15.43
2021-10-25,24777.038,2.66,15.24
2021-10-26,24777.038,2.69,15.98
2021-10-27,24777.038,2.65,16.98
2021-10-28,24777.038,2.57,16.53
2021-10-29,24777.038,2.51,16.26
2021-11-01,24777.038,2.5,16.41
2021-11-02,24777.038,2.51,16.03
2021-11-03,24777.038,2.53,15.1
2021-11-04,24777.038,2.56,15.44
2021-11-05,24777.038,2.54,16.48
2021-11-08,24777.038,2.62,17.22
2021-11-09,24777.038,2.63,17.78
2021-11-10,24777.038,2.7,18.73
2021-11-11,24777.038,,17.66
2021-11-12,24777.038,2.73,16.29
2021-11-15,24777.038,2.76,16.49
2021-11-16,24777.038,2.73,16.37
2021-11-17,24777.038,2.7,17.11
2021-11-18,24777.038,2.73,17.59
2021-11-19,24777.038,2.65,17.91
2021-11-22,24777.038,2.61,19.17
2021-11-23,24777.038,2.62,19.38
2021-11-24,24777.038,2.61,18.58
2021-11-26,24777.038,2.55,28.62
2021-11-29,24777.038,2.54,22.96
2021-11-30,24777.038,2.5,27.19
2021-12-01,24777.038,2.44,31.12
2021-12-02,24777.038,2.47,27.95
2021-12-03,24777.038,2.43,30.67
2021-12-06,24777.038,2.44,27.18
2021-12-07,24777.038,2.47,21.89
2021-12-08,24777.038,2.52,19.9
2021-12-09,24777.038,2.47,21.58
2021-12-10,24777.038,2.44,18.69
2021-12-13,24777.038,2.4,20.31
2021-12-14,24777.038,2.37,21.89
2021-12-15,24777.038,2.39,19.29
2021-12-16,24777.038,2.42,20.57
2021-12-17,24777.038,2.38,21.57
2021-12-20,24777.038,2.39,22.87
2021-12-21,24777.038,2.44,21.01
2021-12-22,24777.038,2.47,18.63
2021-12-23,24777.038,2.47,17.96
2021-12-27,24777.038,2.5,17.68
2021-12-28,24777.038,2.5,17.54
2021-12-29,24777.038,2.53,16.95
2021-12-30,24777.038,2.58,17.33
2021-12-31,24777.038,2.56,17.22
2022-01-03,25215.491,2.6,16.6
2022-01-04,25215.491,2.57,16.91
2022-01-05,25215.491,2.53,19.73
2022-01-06,25215.491,2.46,19.61
2022-01-07,25215.491,2.48,18.76
2022-01-10,25215.491,2.48,19.4
2022-01-11,25215.491,2.54,18.41
2022-01-12,25215.491,2.48,17.62
2022-01-13,25215.491,2.43,20.31
2022-01-14,25215.491,2.44,19.19
2022-01-18,25215.491,2.46,22.79
2022-01-19,25215.491,2.4,23.85
2022-01-20,25215.491,2.33,25.59
2022-01-21,25215.491,2.34,28.85
2022-01-24,25215.491,2.38,29.9
2022-01-25,25215.491,2.41,31.16
2022-01-26,25215.491,2.38,31.96
2022-01-27,25215.491,2.4,30.49
2022-01-28,25215.491,2.44,27.66
2022-01-31,25215.491,2.44,24.83
2022-02-01,25215.491,2.43,21.96
2022-02-02,25215.491,2.41,22.09
2022-02-03,25215.491,2.38,24.35
2022-02-04,25215.491,2.41,23.22
2022-02-07,25215.491,2.4,22.86
2022-02-08,25215.491,2.42,21.44
2022-02-09,25215.491,2.42,19.96
2022-02-10,25215.491,2.45,23.91
2022-02-11,25215.491,2.43,27.36
2022-02-14,25215.491,2.48,28.33
2022-02-15,25215.491,2.48,25.7
2022-02-16,25215.491,2.46,24.29
2022-02-17,25215.491,2.43,28.11
2022-02-18,25215.491,2.41,27.75
2022-02-22,25215.491,2.45,28.81
2022-02-23,25215.491,2.53,31.02
2022-02-24,25215.491,2.55,30.32
2022-02-25,25215.491,2.54,27.59
2022-02-28,25215.491,2.62,30.15
2022-03-01,25215.491,2.62,33.32
2022-03-02,25215.491,2.71,30.74
2022-03-03,25215.491,2.69,30.48
2022-03-04,25215.491,2.67,31.98
2022-03-07,25215.491,2.77,36.45
2022-03-08,25215.491,2.9,35.13
2022-03-09,25215.491,2.84,32.45
2022-03-10,25215.491,2.86,30.23
2022-03-11,25215.491,2.94,30.75
2022-03-14,25215.491,2.93,31.77
2022-03-15,25215.491,2.84,29.83
2022-03-16,25215.491,2.8,26.67
2022-03-17,25215.491,2.91,25.67
2022-03-18,25215.491,2.86,23.87
2022-03-21,25215.491,2.9,23.53
2022-03-22,25215.491,2.91,22.94
2022-03-23,25215.491,2.94,23.57
2022-03-24,25215.491,2.92,21.67
2022-03-25,25215.491,2.95,20.81
2022-03-28,25215.491,2.95,19.63
2022-03-29,25215.491,2.86,18.9
2022-03-30,25215.491,2.86,19.33
2022-03-31,25215.491,2.84,20.56
2022-04-01,25805.791,2.8,19.63
2022-04-04,25805.791,2.8,18.57
2022-04-05,25805.791,2.84,21.03
2022-04-06,25805.791,2.83,22.1
2022-04-07,25805.791,2.82,21.55
2022-04-08,25805.791,2.87,21.16
2022-04-11,25805.791,2.91,24.37
2022-04-12,25805.791,2.86,24.26
2022-04-13,25805.791,2.8,21.82
2022-04-14,25805.791,2.89,22.7
2022-04-18,25805.791,2.92,22.17
2022-04-19,25805.791,2.93,21.37
2022-04-20,25805.791,2.92,20.32
2022-04-21,25805.791,3.02,22.68
2022-04-22,25805.791,2.98,28.21
2022-04-25,25805.791,2.91,27.02
2022-04-26,25805.791,2.85,33.52
2022-04-27,25805.791,2.88,31.6
2022-04-28,25805.791,2.97,29.99
2022-04-29,25805.791,2.88,33.4
2022-05-02,25805.791,2.81,32.34
2022-05-03,25805.791,2.83,29.25
2022-05-04,25805.791,2.86,25.42
2022-05-05,25805.791,2.87,31.2
2022-05-06,25805.791,2.86,30.19
2022-05-09,25805.791,2.75,34.75
2022-05-10,25805.791,2.65,32.99
2022-05-11,25805.791,2.7,32.56
2022-05-12,25805.791,2.59,31.77
2022-05-13,25805.791,2.69,28.87
2022-05-16,25805.791,2.68,27.47
2022-05-17,25805.791,2.71,26.1
2022-05-18,25805.791,2.72,30.96
2022-05-19,25805.791,2.59,29.35
2022-05-20,25805.791,2.55,29.43
2022-05-23,25805.791,2.6,28.48
2022-05-24,25805.791,2.55,29.45
2022-05-25,25805.791,2.56,28.37
2022-05-26,25805.791,2.62,27.5
2022-05-27,25805.791,2.63,25.72
2022-05-30,25805.791,,26.54
2022-05-31,25805.791,2.64,26.19
2022-06-01,25805.791,2.65,25.69
2022-06-02,25805.791,2.66,24.72
2022-06-03,25805.791,2.74,24.79
2022-06-06,25805.791,2.76,25.07
2022-06-07,25805.791,2.73,24.02
2022-06-08,25805.791,2.75,23.96
2022-06-09,25805.791,2.75,26.09
2022-06-10,25805.791,2.76,27.75
2022-06-13,25805.791,2.74,34.02
2022-06-14,25805.791,2.6,32.69
2022-06-15,25805.791,2.7,29.62
2022-06-16,25805.791,2.62,32.95
2022-06-17,25805.791,2.58,31.13
2022-06-20,25805.791,,31.03
2022-06-21,25805.791,2.61,30.19
2022-06-22,25805.791,2.54,28.95
2022-06-23,25805.791,2.5,29.05
2022-06-24,25805.791,2.56,27.23
2022-06-27,25805.791,2.55,26.95
2022-06-28,25805.791,2.48,28.36
2022-06-29,25805.791,2.36,28.16
2022-06-30,25805.791,2.33,28.71
2022-07-01,26272.011,2.34,26.7
2022-07-04,26272.011,,27.53
2022-07-05,26272.011,2.3,27.54
2022-07-06,26272.011,2.29,26.73
2022-07-07,26272.011,2.33,26.08
2022-07-08,26272.011,2.37,24.64
2022-07-11,26272.011,2.32,26.17
2022-07-12,26272.011,2.32,27.29
2022-07-13,26272.011,2.31,26.82
2022-07-14,26272.011,2.34,26.4
2022-07-15,26272.011,2.36,24.23
2022-07-18,26272.011,2.37,25.3
2022-07-19,26272.011,2.39,24.5
2022-07-20,26272.011,2.38,23.88
2022-07-21,26272.011,2.33,23.11
2022-07-22,26272.011,2.34,23.03
2022-07-25,26272.011,2.36,23.36
2022-07-26,26272.011,2.36,24.69
2022-07-27,26272.011,2.42,23.24
2022-07-28,26272.011,2.48,22.33
2022-07-29,26272.011,2.53,21.33
2022-08-01,26272.011,2.51,22.84
2022-08-02,26272.011,2.48,23.93
2022-08-03,26272.011,2.5,21.95
2022-08-04,26272.011,2.46,21.44
2022-08-05,26272.011,2.46,21.15
2022-08-08,26272.011,2.48,21.29
2022-08-09,26272.011,2.47,21.77
2022-08-10,26272.011,2.43,19.74
2022-08-11,26272.011,2.47,20.2
2022-08-12,26272.011,2.47,19.53
2022-08-15,26272.011,2.44,19.95
2022-08-16,26272.011,2.44,19.69
2022-08-17,26272.011,2.46,19.9
2022-08-18,26272.011,2.52,19.56
2022-08-19,26272.011,2.55,20.6
2022-08-22,26272.011,2.57,23.8
2022-08-23,26272.011,2.58,24.11
2022-08-24,26272.011,2.62,22.82
2022-08-25,26272.011,2.6,21.78
2022-08-26,26272.011,2.57,25.56
2022-08-29,26272.011,2.58,26.21
2022-08-30,26272.011,2.55,26.21
2022-08-31,26272.011,2.48,25.87
2022-09-01,26272.011,2.45,25.56
2022-09-02,26272.011,2.47,25.47
2022-09-05,26272.011,,25.99
2022-09-06,26272.011,2.48,26.91
2022-09-07,26272.011,2.45,24.64
2022-09-08,26272.011,2.41,23.61
2022-09-09,26272.011,2.42,22.79
2022-09-12,26272.011,2.42,23.87
2022-09-13,26272.011,2.44,27.27
2022-09-14,26272.011,2.46,26.16
2022-09-15,26272.011,2.43,26.27
2022-09-16,26272.011,2.38,26.3
2022-09-19,26272.011,2.34,25.76
2022-09-20,26272.011,2.4,27.16
2022-09-21,26272.011,2.38,27.99
2022-09-22,26272.011,2.41,27.35
2022-09-23,26272.011,2.37,29.92
2022-09-26,26272.011,2.32,32.26
2022-09-27,26272.011,2.33,32.6
2022-09-28,26272.011,2.33,30.18
2022-09-29,26272.011,2.19,31.84
2022-09-30,26272.011,2.15,31.62
2022-10-03,26734.277,2.24,30.1
2022-10-04,26734.277,2.24,29.07
2022-10-05,26734.277,2.22,28.55
2022-10-06,26734.277,2.22,30.52
2022-10-07,26734.277,2.27,31.36
2022-10-10,26734.277,,32.45
2022-10-11,26734.277,2.31,33.63
2022-10-12,26734.277,2.29,33.57
2022-10-13,26734.277,2.34,31.94
2022-10-14,26734.277,2.41,32.02
2022-10-17,26734.277,2.45,31.37
2022-10-18,26734.277,2.41,30.5
2022-10-19,26734.277,2.42,30.76
2022-10-20,26734.277,2.51,29.98
2022-10-21,26734.277,2.52,29.69
2022-10-24,26734.277,2.59,29.85
2022-10-25,26734.277,2.51,28.46
2022-10-26,26734.277,2.44,27.28
2022-10-27,26734.277,2.45,27.39
2022-10-28,26734.277,2.51,25.75
2022-10-31,26734.277,2.52,25.88
2022-11-01,26734.277,2.51,25.81
2022-11-02,26734.277,2.53,25.86
2022-11-03,26734.277,2.4,25.3
2022-11-04,26734.277,2.48,24.55
2022-11-07,26734.277,2.53,24.35
2022-11-08,26734.277,2.5,25.54
2022-11-09,26734.277,2.42,26.09
2022-11-10,26734.277,2.39,23.53
2022-11-11,26734.277,,22.52
2022-11-14,26734.277,2.37,23.73
2022-11-15,26734.277,2.35,24.54
2022-11-16,26734.277,2.29,24.11
2022-11-17,26734.277,2.28,23.93
2022-11-18,26734.277,2.25,23.12
2022-11-21,26734.277,2.31,22.36
2022-11-22,26734.277,2.32,21.29
2022-11-23,26734.277,2.32,20.35
2022-11-24,26734.277,,20.42
2022-11-25,26734.277,2.32,20.5
2022-11-28,26734.277,2.26,22.21
2022-11-29,26734.277,2.25,21.89
2022-11-30,26734.277,2.34,20.58
2022-12-01,26734.277,2.36,19.84
2022-12-02,26734.277,2.43,19.06
2022-12-05,26734.277,2.39,20.75
2022-12-06,26734.277,2.31,22.17
2022-12-07,26734.277,2.26,22.68
2022-12-08,26734.277,2.28,22.29
2022-12-09,26734.277,2.26,22.83
2022-12-12,26734.277,2.28,25.0
2022-12-13,26734.277,2.24,22.55
2022-12-14,26734.277,2.19,21.14
2022-12-15,26734.277,2.16,22.83
2022-12-16,26734.277,2.13,22.62
2022-12-19,26734.277,2.15,22.42
2022-12-20,26734.277,2.24,21.48
2022-12-21,26734.277,2.27,20.07
2022-12-22,26734.277,2.19,21.97
2022-12-23,26734.277,2.2,20.87
2022-12-27,26734.277,2.26,21.65
2022-12-28,26734.277,2.28,22.14
2022-12-29,26734.277,2.27,21.44
2022-12-30,26734.277,2.3,21.67
2023-01-03,27164.359,2.26,22.9
2023-01-04,27164.359,2.22,22.01
2023-01-05,27164.359,2.22,22.46
2023-01-06,27164.359,2.21,21.13
2023-01-09,27164.359,2.22,21.97
2023-01-10,27164.359,2.24,20.58
2023-01-11,27164.359,2.23,21.09
2023-01-12,27164.359,2.21,18.83
2023-01-13,27164.359,2.18,18.35
2023-01-16,27164.359,,19.49
2023-01-17,27164.359,2.17,19.36
2023-01-18,27164.359,2.12,20.34
2023-01-19,27164.359,2.2,20.52
2023-01-20,27164.359,2.23,19.85
2023-01-23,27164.359,2.28,19.81
2023-01-24,27164.359,2.27,19.2
2023-01-25,27164.359,2.29,19.08
2023-01-26,27164.359,2.33,18.73
2023-01-27,27164.359,2.33,18.51
2023-01-30,27164.359,2.29,19.94
2023-01-31,27164.359,2.24,19.4
2023-02-01,27164.359,2.25,17.87
2023-02-02,27164.359,2.22,18.73
2023-02-03,27164.359,2.22,18.33
2023-02-06,27164.359,2.25,19.43
2023-02-07,27164.359,2.31,18.66
2023-02-08,27164.359,2.34,19.63
2023-02-09,27164.359,2.33,20.71
2023-02-10,27164.359,2.33,20.53
2023-02-13,27164.359,2.31,20.34
2023-02-14,27164.359,2.31,18.91
2023-02-15,27164.359,2.35,18.23
2023-02-16,27164.359,2.37,20.17
2023-02-17,27164.359,2.36,20.02
2023-02-20,27164.359,,21.23
2023-02-21,27164.359,2.42,22.87
2023-02-22,27164.359,2.41,22.29
2023-02-23,27164.359,2.39,21.14
2023-02-24,27164.359,2.38,21.67
2023-02-27,27164.359,2.36,20.95
2023-02-28,27164.359,2.43,20.7
2023-03-01,27164.359,2.44,20.58
2023-03-02,27164.359,2.48,19.59
2023-03-03,27164.359,2.52,18.49
2023-03-06,27164.359,2.49,18.61
2023-03-07,27164.359,2.38,19.59
2023-03-08,27164.359,2.32,19.11
2023-03-09,27164.359,2.3,22.61
2023-03-10,27164.359,2.26,24.8
2023-03-13,27164.359,2.24,26.52
2023-03-14,27164.359,2.31,23.73
2023-03-15,27164.359,2.29,26.14
2023-03-16,27164.359,2.22,22.99
2023-03-17,27164.359,2.1,25.51
2023-03-20,27164.359,2.14,24.15
2023-03-21,27164.359,2.23,21.38
2023-03-22,27164.359,2.28,22.26
2023-03-23,27164.359,2.19,22.61
2023-03-24,27164.359,2.22,21.74
2023-03-27,27164.359,2.24,20.6
2023-03-28,27164.359,2.31,19.97
2023-03-29,27164.359,2.33,19.12
2023-03-30,27164.359,2.34,19.02
2023-03-31,27164.359,2.32,18.7
2023-04-03,27453.815,2.29,18.55
2023-04-04,27453.815,2.25,19.0
2023-04-05,27453.815,2.23,19.08
2023-04-06,27453.815,2.24,18.4
2023-04-07,27453.815,2.25,
2023-04-10,27453.815,2.27,18.97
2023-04-11,27453.815,2.29,19.1
2023-04-12,27453.815,2.27,19.09
2023-04-13,27453.815,2.29,17.8
2023-04-14,27453.815,2.3,17.07
2023-04-17,27453.815,2.32,16.95
2023-04-18,27453.815,2.28,16.83
2023-04-19,27453.815,2.28,16.46
2023-04-20,27453.815,2.26,17.17
2023-04-21,27453.815,2.28,16.77
2023-04-24,27453.815,2.28,16.89
2023-04-25,27453.815,2.25,18.76
2023-04-26,27453.815,2.25,18.84
2023-04-27,27453.815,2.27,17.03
2023-04-28,27453.815,2.18,15.78
2023-05-01,27453.815,2.23,16.08
2023-05-02,27453.815,2.2,17.78
2023-05-03,27453.815,2.2,18.34
2023-05-04,27453.815,2.19,20.09
2023-05-05,27453.815,2.21,17.19
2023-05-08,27453.815,2.23,16.98
2023-05-09,27453.815,2.23,17.71
2023-05-10,27453.815,2.17,16.94
2023-05-11,27453.815,2.16,16.93
2023-05-12,27453.815,2.18,17.03
2023-05-15,27453.815,2.19,17.12
2023-05-16,27453.815,2.19,17.99
2023-05-17,27453.815,2.22,16.87
2023-05-18,27453.815,2.23,16.05
2023-05-19,27453.815,2.24,16.81
2023-05-22,27453.815,2.24,17.21
2023-05-23,27453.815,2.26,18.53
2023-05-24,27453.815,2.25,20.03
2023-05-25,27453.815,2.25,19.14
2023-05-26,27453.815,2.23,17.95
2023-05-29,27453.815,,17.46
2023-05-30,27453.815,2.22,17.46
2023-05-31,27453.815,2.18,17.94
2023-06-01,27453.815,2.16,15.65
2023-06-02,27453.815,2.18,14.6
2023-06-05,27453.815,2.19,14.73
2023-06-06,27453.815,2.2,13.96
2023-06-07,27453.815,2.21,13.94
2023-06-08,27453.815,2.2,13.65
2023-06-09,27453.815,2.2,13.83
2023-06-12,27453.815,2.17,15.01
2023-06-13,27453.815,2.2,14.61
2023-06-14,27453.815,2.21,13.88
2023-06-15,27453.815,2.21,14.5
2023-06-16,27453.815,2.22,13.54
2023-06-19,27453.815,,14.19
2023-06-20,27453.815,2.22,13.88
2023-06-21,27453.815,2.21,13.2
2023-06-22,27453.815,2.24,12.91
2023-06-23,27453.815,2.21,13.44
2023-06-26,27453.815,2.18,14.25
2023-06-27,27453.815,2.2,13.74
2023-06-28,27453.815,2.18,13.43
2023-06-29,27453.815,2.2,13.54
2023-06-30,27453.815,2.22,13.59
2023-07-03,27967.697,2.25,13.57
2023-07-04,27967.697,,13.7
2023-07-05,27967.697,2.26,14.18
2023-07-06,27967.697,2.27,15.44
2023-07-07,27967.697,2.27,14.83
2023-07-10,27967.697,2.25,15.07
2023-07-11,27967.697,2.24,14.84
2023-07-12,27967.697,2.26,13.54
2023-07-13,27967.697,2.24,13.61
2023-07-14,27967.697,2.24,13.34
2023-07-17,27967.697,2.25,13.48
2023-07-18,27967.697,2.23,13.3
2023-07-19,27967.697,2.22,13.76
2023-07-20,27967.697,2.35,13.99
2023-07-21,27967.697,2.35,13.6
2023-07-24,27967.697,2.38,13.91
2023-07-25,27967.697,2.39,13.86
2023-07-26,27967.697,2.36,13.19
2023-07-27,27967.697,2.37,14.41
2023-07-28,27967.697,2.38,13.33
2023-07-31,27967.697,2.37,13.63
2023-08-01,27967.697,2.37,13.93
2023-08-02,27967.697,2.36,16.09
2023-08-03,27967.697,2.37,15.92
2023-08-04,27967.697,2.38,17.1
2023-08-07,27967.697,2.41,15.77
2023-08-08,27967.697,2.36,15.99
2023-08-09,27967.697,2.34,15.96
2023-08-10,27967.697,2.33,15.85
2023-08-11,27967.697,2.36,14.84
2023-08-14,27967.697,2.36,14.82
2023-08-15,27967.697,2.32,16.46
2023-08-16,27967.697,2.32,16.78
2023-08-17,27967.697,2.33,17.89
2023-08-18,27967.697,2.32,17.3
2023-08-21,27967.697,2.34,17.13
2023-08-22,27967.697,2.35,16.97
2023-08-23,27967.697,2.35,15.98
2023-08-24,27967.697,2.32,17.2
2023-08-25,27967.697,2.33,15.68
2023-08-28,27967.697,2.3,15.08
2023-08-29,27967.697,2.29,14.45
2023-08-30,27967.697,2.26,13.88
2023-08-31,27967.697,2.24,13.57
2023-09-01,27967.697,2.26,13.09
2023-09-04,27967.697,,13.82
2023-09-05,27967.697,2.29,14.01
2023-09-06,27967.697,2.3,14.45
2023-09-07,27967.697,2.32,14.4
2023-09-08,27967.697,2.33,13.84
2023-09-11,27967.697,2.35,13.8
2023-09-12,27967.697,2.34,14.23
2023-09-13,27967.697,2.35,13.48
2023-09-14,27967.697,2.34,12.82
2023-09-15,27967.697,2.35,13.79
2023-09-18,27967.697,2.36,14.0
2023-09-19,27967.697,2.37,14.11
2023-09-20,27967.697,2.35,15.14
2023-09-21,27967.697,2.38,17.54
2023-09-22,27967.697,2.37,17.2
2023-09-25,27967.697,2.37,16.9
2023-09-26,27967.697,2.33,18.94
2023-09-27,27967.697,2.34,18.22
2023-09-28,27967.697,2.39,17.34
2023-09-29,27967.697,2.35,17.52
2023-10-02,28296.967,2.35,17.61
2023-10-03,28296.967,2.36,19.78
2023-10-04,28296.967,2.33,18.58
2023-10-05,28296.967,2.31,18.49
2023-10-06,28296.967,2.31,17.45
2023-10-09,28296.967,,17.7
2023-10-10,28296.967,2.32,17.03
2023-10-11,28296.967,2.32,16.09
2023-10-12,28296.967,2.34,16.69
2023-10-13,28296.967,2.34,19.32
2023-10-16,28296.967,2.38,17.21
2023-10-17,28296.967,2.41,17.88
2023-10-18,28296.967,2.44,19.22
2023-10-19,28296.967,2.49,21.4
2023-10-20,28296.967,2.47,21.71
2023-10-23,28296.967,2.41,20.37
2023-10-24,28296.967,2.4,18.97
2023-10-25,28296.967,2.43,20.19
2023-10-26,28296.967,2.42,20.68
2023-10-27,28296.967,2.42,21.27
2023-10-30,28296.967,2.44,19.75
2023-10-31,28296.967,2.42,18.14
2023-11-01,28296.967,2.41,16.87
2023-11-02,28296.967,2.4,15.66
2023-11-03,28296.967,2.39,14.91
2023-11-06,28296.967,2.42,14.89
2023-11-07,28296.967,2.39,14.81
2023-11-08,28296.967,2.34,14.45
2023-11-09,28296.967,2.33,15.29
2023-11-10,28296.967,2.32,14.17
2023-11-13,28296.967,2.31,14.76
2023-11-14,28296.967,2.28,14.16
2023-11-15,28296.967,2.31,14.18
2023-11-16,28296.967,2.27,14.32
2023-11-17,28296.967,2.28,13.8
2023-11-20,28296.967,2.3,13.41
2023-11-21,28296.967,2.25,13.35
2023-11-22,28296.967,2.26,12.85
2023-11-23,28296.967,,12.8
2023-11-24,28296.967,2.26,12.46
2023-11-27,28296.967,2.21,12.69
2023-11-28,28296.967,2.22,12.69
2023-11-29,28296.967,2.21,12.98
2023-11-30,28296.967,2.23,12.92
2023-12-01,28296.967,2.22,12.63
2023-12-04,28296.967,2.21,13.08
2023-12-05,28296.967,2.17,12.85
2023-12-06,28296.967,2.14,12.97
2023-12-07,28296.967,2.17,13.06
2023-12-08,28296.967,2.21,12.35
2023-12-11,28296.967,2.19,12.63
2023-12-12,28296.967,2.16,12.07
2023-12-13,28296.967,2.16,12.19
2023-12-14,28296.967,2.22,12.48
2023-12-15,28296.967,2.22,12.28
2023-12-18,28296.967,2.21,12.56
2023-12-19,28296.967,2.19,12.53
2023-12-20,28296.967,2.19,13.67
2023-12-21,28296.967,2.19,13.65
2023-12-22,28296.967,2.19,13.03
2023-12-26,28296.967,2.18,12.99
2023-12-27,28296.967,2.15,12.43
2023-12-28,28296.967,2.16,12.47
2023-12-29,28296.967,2.16,12.45
